website,battery,weight,laptop_brand,monitor_size,ram_capacity,ram_type,HDD_capacity,SSD_capacity,cpu_brand,cpu_core_num,cpu_thread_num,avg_bench,gamming,desktop,workstation,gpu_score,price
thinkpro,62.0,1.43,Lenovo,14.0,16.0,LPDDR5,0.0,512.0,AMD,6.0,12.0,76.8,77.0,81.0,72.0,121.0,23490000.0
laptop88,50.0,1.0,Asus,14.0,8.0,,0.0,512.0,Intel,12.0,16.0,94.8,95.0,97.0,94.0,139.0,19490000.0
thinkpro,80.0,2.5,Lenovo,16.0,32.0,DDR4,0.0,1024.0,AMD,8.0,16.0,78.2,78.0,81.0,76.0,121.0,79990000.0
laptop88,,,LG,17.0,16.0,LPDDR5,0.0,1024.0,Apple,12.0,20.0,114.0,114.0,114.0,126.0,139.0,45990000.0
laptop88,56.5,1.0,Lenovo,14.0,16.0,LPDDR5,0.0,512.0,Intel,,,,,,,,22990000.0
laptop88,76.0,1.0,Asus,14.0,32.0,DDR5,0.0,1024.0,Intel,,,,,,,,53690000.0
laptop88,80.0,2.0,Other,15.6,8.0,DDR5,0.0,512.0,Intel,,,,,,,58.5,25990000.0
thinkpro,62.0,1.78,Razer,14.0,16.0,DDR4,0.0,1024.0,AMD,8.0,16.0,78.2,78.0,81.0,76.0,112.0,59990000.0
laptop88,48.0,2.0,Asus,15.6,8.0,DDR4,0.0,512.0,Intel,,,,,,,53.7,17990000.0
thinkpro,52.0,1.69,MSI,15.6,16.0,DDR4,0.0,512.0,Intel,4.0,8.0,60.9,61.0,69.0,51.0,139.0,34990000.0
laptop88,,,HP,16.1,16.0,DDR5,0.0,512.0,AMD,14.0,20.0,98.1,98.0,100.0,104.0,58.5,30990000.0
laptop88,56.0,1.0,Asus,13.4,16.0,DDR5,0.0,1024.0,Intel,14.0,20.0,100.0,100.0,103.0,106.0,58.0,55490000.0
thinkpro,56.0,2.2,Asus,15.6,8.0,,0.0,512.0,AMD,8.0,16.0,78.1,78.0,81.0,77.0,121.0,42990000.0
laptop88,,,Asus,16.0,24.0,DDR4,0.0,1024.0,AMD,8.0,16.0,90.7,91.0,92.0,91.0,88.6,46990000.0
laptop88,41.0,1.0,HP,15.6,4.0,DDR4,0.0,512.0,AMD,4.0,8.0,65.5,65.0,72.0,55.0,112.0,12990000.0
thinkpro,42.0,0.8,Lenovo,13.0,8.0,DDR4,0.0,512.0,Intel,4.0,8.0,56.4,56.0,62.0,44.0,9.64,28490000.0
laptop88,60.0,2.0,Lenovo,15.6,8.0,DDR5,0.0,512.0,Intel,,,,,,,58.5,23790000.0
laptop88,2.0,,LG,14.0,8.0,DDR4,0.0,256.0,AMD,6.0,6.0,93.2,93.0,95.0,77.0,139.0,28290000.0
thinkpro,67.0,1.2,Asus,13.0,16.0,LPDDR4x,0.0,1024.0,Intel,4.0,8.0,63.2,63.0,71.0,52.0,139.0,39990000.0
thinkpro,48.0,1.6,Lenovo,14.0,8.0,DDR4,0.0,256.0,Intel,4.0,8.0,51.6,52.0,56.0,41.0,9.64,9990000.0
thinkpro,51.0,1.86,MSI,15.6,8.0,,0.0,512.0,Intel,8.0,16.0,87.9,88.0,90.0,86.0,36.2,20990000.0
thinkpro,42.0,1.25,Dell,13.0,8.0,DDR4,0.0,256.0,Intel,4.0,8.0,59.6,60.0,66.0,47.0,9.64,18490000.0
thinkpro,80.0,1.48,LG,16.0,16.0,LPDDR5,0.0,512.0,Intel,12.0,16.0,73.8,74.0,80.0,70.0,139.0,30990000.0
thinkpro,56.0,1.48,Dell,14.0,8.0,DDR4,0.0,256.0,Intel,4.0,8.0,57.3,57.0,63.0,45.0,9.64,15990000.0
laptop88,,,LG,16.0,16.0,LPDDR5,0.0,512.0,Apple,12.0,20.0,114.0,114.0,114.0,126.0,139.0,46990000.0
thinkpro,80.0,2.19,Razer,15.0,16.0,DDR4,0.0,512.0,Intel,6.0,12.0,70.1,70.0,74.0,59.0,79.8,34990000.0
laptop88,,,HP,14.0,16.0,DDR4,0.0,512.0,Intel,4.0,8.0,63.2,63.0,71.0,52.0,139.0,25990000.0
thinkpro,62.0,1.43,Lenovo,14.0,16.0,LPDDR5,0.0,512.0,Intel,12.0,16.0,94.8,95.0,97.0,94.0,36.0,29490000.0
thinkpro,56.5,1.38,Lenovo,14.0,16.0,DDR4,0.0,512.0,AMD,8.0,16.0,70.6,71.0,73.0,68.0,121.0,23990000.0
thinkpro,58.0,1.36,Acer,14.0,8.0,LPDDR4x,0.0,512.0,Intel,4.0,8.0,60.2,60.0,67.0,50.0,15.5,21290000.0
laptop88,,,Asus,15.6,16.0,DDR4,0.0,1024.0,Intel,,,,,,,139.0,40990000.0
thinkpro,39.3,1.7,Other,15.6,8.0,DDR4,0.0,512.0,AMD,6.0,12.0,0.0,0.0,0.0,0.0,121.0,7790000.0
laptop88,,,Acer,15.6,16.0,DDR4,0.0,512.0,AMD,,,,,,,88.6,25990000.0
thinkpro,83.0,1.74,HP,15.0,16.0,DDR4,0.0,256.0,Intel,8.0,16.0,81.2,81.0,84.0,76.0,76.2,43990000.0
thinkpro,45.0,1.25,Microsoft,13.0,8.0,LPDDR3,0.0,256.0,Intel,4.0,8.0,53.1,53.0,58.0,41.0,9.64,21990000.0
thinkpro,80.0,1.35,LG,17.0,16.0,DDR5,0.0,512.0,Intel,12.0,16.0,73.8,74.0,80.0,70.0,139.0,30990000.0
thinkpro,41.0,1.69,HP,15.0,8.0,DDR4,0.0,512.0,Intel,4.0,8.0,63.2,63.0,71.0,52.0,139.0,18490000.0
thinkpro,71.0,1.8,Lenovo,15.6,32.0,DDR4,0.0,1024.0,Intel,8.0,16.0,79.1,79.0,81.0,74.0,56.8,56990000.0
laptop88,,,Samsung,15.6,16.0,DDR4,0.0,512.0,AMD,,,,,,,139.0,30290000.0
thinkpro,90.0,2.48,Asus,15.6,32.0,DDR4,0.0,1024.0,AMD,8.0,16.0,78.2,78.0,81.0,76.0,121.0,110000000.0
thinkpro,53.0,,Dell,14.0,4.0,,0.0,256.0,Intel,4.0,8.0,60.2,60.0,67.0,50.0,15.0,21690000.0
thinkpro,55.0,1.34,Razer,13.0,16.0,,0.0,256.0,Intel,4.0,8.0,63.2,63.0,71.0,52.0,11.0,31990000.0
thinkpro,63.0,1.4,Asus,14.0,16.0,DDR5,0.0,512.0,Intel,,,94.8,95.0,97.0,94.0,139.0,33990000.0
thinkpro,90.0,1.81,Lenovo,16.0,16.0,,0.0,512.0,Intel,8.0,16.0,89.2,89.0,92.0,88.0,35.0,54990000.0
laptop88,80.0,2.0,Lenovo,15.6,16.0,DDR5,0.0,512.0,AMD,,,,,,,58.5,33590000.0
thinkpro,80.0,1.15,LG,15.6,16.0,LPDDR5,0.0,1024.0,Intel,8.0,12.0,73.8,74.0,80.0,70.0,139.0,27990000.0
laptop88,,,HP,16.1,8.0,DDR5,0.0,512.0,Intel,,,,,,,58.5,23990000.0
thinkpro,48.0,,Acer,15.6,8.0,DDR4,0.0,256.0,AMD,6.0,12.0,69.5,69.0,71.0,63.0,42.9,20990000.0
thinkpro,65.0,1.36,Lenovo,14.0,16.0,,0.0,512.0,AMD,6.0,12.0,69.6,70.0,74.0,62.0,121.0,35990000.0
thinkpro,42.0,,Dell,15.6,4.0,DDR4,0.0,256.0,Intel,4.0,8.0,65.5,65.0,72.0,55.0,112.0,15190000.0
thinkpro,53.5,2.35,MSI,15.6,8.0,,0.0,512.0,AMD,8.0,16.0,75.1,75.0,78.0,72.0,42.6,17990000.0
thinkpro,72.0,0.999,LG,14.0,16.0,DDR5,0.0,512.0,Intel,12.0,16.0,73.8,74.0,80.0,70.0,139.0,33990000.0
thinkpro,54.0,1.55,Dell,14.0,8.0,DDR4,0.0,512.0,Intel,,,63.6,64.0,72.0,59.0,112.0,21990000.0
thinkpro,49.0,1.3,Apple,13.3,8.0,,0.0,256.0,Intel,4.0,8.0,93.2,93.0,95.0,77.0,7.0,21990000.0
laptop88,6.0,1.0,Asus,14.5,16.0,LPDDR5,0.0,1024.0,AMD,14.0,20.0,98.1,98.0,100.0,104.0,58.5,53990000.0
thinkpro,54.0,,Dell,14.0,8.0,DDR4,0.0,256.0,Intel,4.0,8.0,60.2,60.0,67.0,50.0,139.0,22490000.0
thinkpro,51.0,2.34,Dell,15.0,16.0,DDR4,0.0,512.0,Intel,6.0,12.0,76.8,77.0,80.0,67.0,76.2,29690000.0
thinkpro,45.0,1.7,Lenovo,15.6,8.0,,0.0,256.0,AMD,6.0,12.0,68.5,69.0,71.0,62.0,121.0,21990000.0
thinkpro,42.0,1.8,Asus,15.6,8.0,DDR4,0.0,512.0,AMD,8.0,8.0,75.2,75.0,76.0,67.0,121.0,17690000.0
thinkpro,70.0,1.68,Asus,14.5,16.0,LPDDR5,0.0,512.0,Intel,14.0,20.0,98.1,98.0,100.0,104.0,58.5,37990000.0
thinkpro,63.0,1.4,Asus,14.0,8.0,DDR4,0.0,512.0,AMD,8.0,16.0,75.1,75.0,78.0,72.0,121.0,18790000.0
thinkpro,86.0,2.51,Dell,17.0,16.0,DDR4,0.0,512.0,Intel,8.0,16.0,78.8,79.0,81.0,73.0,76.2,64990000.0
thinkpro,40.0,1.7,Acer,15.6,8.0,DDR4,0.0,512.0,Intel,6.0,8.0,68.5,68.0,78.0,59.0,112.0,13990000.0
laptop88,,,Lenovo,15.6,8.0,DDR4,0.0,512.0,Intel,,,,,,,10.3,13990000.0
laptop88,43.0,1.0,HP,15.6,8.0,DDR4,0.0,256.0,AMD,6.0,8.0,68.5,68.0,78.0,59.0,112.0,13690000.0
thinkpro,86.0,2.69,Dell,15.6,32.0,DDR4,0.0,1024.0,Intel,8.0,16.0,87.9,88.0,90.0,86.0,112.0,66490000.0
thinkpro,60.0,2.3,Lenovo,15.6,8.0,DDR4,0.0,512.0,AMD,8.0,16.0,0.0,0.0,0.0,0.0,121.0,27490000.0
thinkpro,80.0,2.01,Razer,15.6,32.0,DDR5,0.0,1024.0,Intel,14.0,20.0,100.0,100.0,103.0,106.0,139.0,129990000.0
thinkpro,67.0,1.3,HP,13.3,8.0,LPDDR4x,0.0,512.0,Intel,4.0,8.0,60.2,60.0,67.0,50.0,139.0,20790000.0
laptop88,45.0,1.0,Lenovo,15.6,8.0,DDR4,0.0,512.0,Intel,,,,,,,10.3,14490000.0
thinkpro,63.0,,Samsung,13.3,16.0,,0.0,256.0,Intel,,,72.4,72.0,78.0,70.0,139.0,39000000.0
thinkpro,61.0,1.4,Lenovo,14.0,16.0,,0.0,1024.0,AMD,8.0,16.0,78.2,78.0,81.0,76.0,121.0,22990000.0
thinkpro,75.0,1.39,Asus,14.0,16.0,LPDDR5,0.0,512.0,Intel,12.0,16.0,73.8,74.0,80.0,70.0,139.0,28290000.0
thinkpro,55.0,1.26,Dell,13.4,8.0,LPDDR5,0.0,512.0,Intel,12.0,16.0,72.4,72.0,78.0,70.0,139.0,37990000.0
thinkpro,42.0,1.56,Huawei,15.6,8.0,DDR4,0.0,512.0,Intel,4.0,8.0,60.2,60.0,67.0,50.0,88.6,13990000.0
thinkpro,42.0,1.8,Dell,15.6,8.0,,0.0,512.0,AMD,4.0,8.0,48.1,48.0,52.0,40.0,11.9,20290000.0
laptop88,80.0,2.0,Lenovo,15.6,16.0,DDR5,0.0,512.0,Intel,12.0,16.0,94.8,95.0,97.0,94.0,58.5,33690000.0
laptop88,6.0,1.0,Asus,14.0,8.0,DDR4,0.0,512.0,Intel,,,,,,,58.5,28990000.0
thinkpro,80.0,2.49,Lenovo,16.0,16.0,DDR5,0.0,1024.0,Intel,14.0,20.0,98.1,98.0,100.0,104.0,88.6,36990000.0
thinkpro,45.0,2.25,Lenovo,15.6,8.0,DDR4,0.0,512.0,AMD,6.0,12.0,73.0,73.0,76.0,67.0,53.7,22490000.0
laptop88,,,MSI,17.3,32.0,DDR4,0.0,1024.0,Intel,8.0,16.0,90.7,91.0,92.0,91.0,121.0,46990000.0
thinkpro,76.0,1.6,Asus,14.0,16.0,DDR4,0.0,512.0,AMD,8.0,16.0,73.6,74.0,75.0,73.0,88.6,28990000.0
thinkpro,57.0,1.1,Lenovo,14.0,16.0,LPDDR3,0.0,256.0,Intel,4.0,8.0,17.6,18.0,20.0,12.0,9.64,22990000.0
thinkpro,43.0,1.61,HP,14.0,8.0,DDR4,0.0,512.0,Intel,4.0,8.0,60.2,60.0,67.0,50.0,139.0,19190000.0
thinkpro,60.0,2.4,Lenovo,15.6,8.0,,0.0,512.0,Intel,8.0,16.0,87.9,88.0,90.0,86.0,58.5,35990000.0
thinkpro,72.0,0.999,LG,14.0,8.0,DDR5,0.0,256.0,Intel,12.0,16.0,72.4,72.0,78.0,70.0,139.0,29290000.0
thinkpro,50.0,1.55,Lenovo,14.0,16.0,DDR4,0.0,512.0,AMD,6.0,12.0,69.6,70.0,74.0,62.0,121.0,26990000.0
laptop88,42.0,1.0,Asus,14.0,8.0,DDR4,0.0,512.0,Intel,12.0,16.0,72.4,72.0,78.0,70.0,139.0,16990000.0
thinkpro,42.0,,Dell,15.6,8.0,DDR4,0.0,512.0,Intel,4.0,8.0,60.2,60.0,67.0,50.0,15.0,15790000.0
laptop88,45.0,,Lenovo,14.0,8.0,DDR4,0.0,512.0,Intel,,,,,,,121.0,16490000.0
thinkpro,41.0,1.69,HP,15.6,8.0,DDR4,0.0,512.0,Intel,10.0,12.0,65.2,65.0,75.0,59.0,139.0,19890000.0
laptop88,90.0,2.0,Asus,15.6,8.0,DDR4,0.0,512.0,AMD,8.0,16.0,87.9,88.0,90.0,86.0,88.6,28690000.0
thinkpro,45.0,1.29,Microsoft,13.5,8.0,,0.0,128.0,Intel,4.0,8.0,57.7,58.0,63.0,47.0,11.0,14390000.0
thinkpro,52.0,1.6,MSI,15.6,8.0,DDR4,0.0,512.0,AMD,8.0,16.0,72.3,72.0,74.0,69.0,121.0,17490000.0
laptop88,,,HP,15.6,8.0,DDR4,0.0,256.0,Intel,6.0,12.0,0.0,0.0,0.0,0.0,8.98,15990000.0
thinkpro,99.0,2.2,GIGABYTE,15.6,16.0,,0.0,512.0,Intel,8.0,16.0,87.9,88.0,90.0,86.0,88.6,39990000.0
thinkpro,42.0,1.5,Asus,14.0,8.0,,0.0,512.0,Intel,4.0,8.0,60.2,60.0,67.0,50.0,139.0,17690000.0
thinkpro,42.0,1.4,Asus,14.0,8.0,DDR4,0.0,512.0,Intel,4.0,8.0,60.2,60.0,67.0,50.0,139.0,18790000.0
thinkpro,42.0,,Dell,15.6,8.0,DDR4,0.0,256.0,AMD,4.0,8.0,48.8,49.0,52.0,42.0,8.98,11990000.0
laptop88,,,LG,16.0,16.0,LPDDR5,0.0,512.0,Intel,6.0,6.0,93.2,93.0,95.0,77.0,139.0,39390000.0
thinkpro,42.0,1.24,Dell,13.0,16.0,DDR4,0.0,256.0,Intel,4.0,8.0,59.6,60.0,66.0,47.0,9.64,19990000.0
laptop88,,,LG,16.0,16.0,,0.0,1024.0,Intel,12.0,20.0,114.0,114.0,114.0,126.0,139.0,48990000.0
thinkpro,58.0,1.743,Microsoft,14.4,16.0,,0.0,512.0,Intel,4.0,8.0,66.4,66.0,73.0,57.0,139.0,44990000.0
thinkpro,52.0,1.29,MSI,14.0,16.0,LPDDR4x,0.0,512.0,Intel,4.0,8.0,60.9,61.0,69.0,51.0,139.0,29990000.0
thinkpro,48.0,,Acer,14.0,16.0,,0.0,512.0,AMD,6.0,12.0,69.5,69.0,71.0,63.0,121.0,17890000.0
thinkpro,45.0,1.7,Lenovo,15.6,8.0,DDR4,0.0,512.0,AMD,6.0,12.0,69.5,69.0,71.0,63.0,121.0,19300000.0
thinkpro,45.0,0.77,Microsoft,12.3,8.0,LPDDR3,0.0,128.0,Intel,4.0,8.0,53.1,53.0,58.0,41.0,9.64,9990000.0
laptop88,,,Lenovo,15.6,8.0,DDR4,0.0,512.0,Intel,6.0,12.0,0.0,0.0,0.0,0.0,121.0,12490000.0
thinkpro,,1.45,Asus,14.0,16.0,DDR4,0.0,512.0,AMD,6.0,12.0,73.0,73.0,76.0,67.0,58.5,28990000.0
thinkpro,43.0,1.61,HP,14.0,4.0,,0.0,256.0,Intel,2.0,4.0,49.6,50.0,61.0,38.0,5.0,14490000.0
laptop88,,,Asus,15.6,8.0,DDR4,0.0,512.0,AMD,12.0,16.0,94.8,95.0,97.0,94.0,139.0,18990000.0
laptop88,,2.0,GIGABYTE,15.6,16.0,DDR4,0.0,1024.0,Intel,14.0,20.0,98.1,98.0,100.0,104.0,121.0,49990000.0
laptop88,41.0,,Dell,15.6,4.0,DDR4,0.0,128.0,Intel,4.0,4.0,0.0,0.0,0.0,0.0,112.0,8990000.0
thinkpro,39.3,1.4,MSI,14.0,8.0,DDR4,0.0,512.0,Intel,10.0,12.0,63.6,64.0,72.0,59.0,139.0,17990000.0
thinkpro,50.0,1.5,Asus,14.0,16.0,DDR4,0.0,512.0,AMD,8.0,16.0,75.1,75.0,78.0,72.0,121.0,21990000.0
thinkpro,57.5,2.2,Acer,15.6,8.0,,0.0,256.0,Intel,6.0,12.0,74.5,74.0,78.0,69.0,41.0,21490000.0
thinkpro,76.0,2.0,Asus,15.6,8.0,DDR5,0.0,512.0,Intel,8.0,12.0,82.4,82.0,87.0,77.0,58.5,28990000.0
thinkpro,85.0,2.11,Dell,15.6,8.0,DDR4,0.0,256.0,Intel,8.0,16.0,87.9,88.0,90.0,86.0,58.5,29990000.0
thinkpro,48.0,1.7,Acer,15.0,8.0,DDR4,0.0,512.0,Intel,4.0,8.0,60.2,60.0,67.0,50.0,139.0,17590000.0
thinkpro,80.0,1.7,Lenovo,15.0,16.0,DDR4,0.0,512.0,Intel,6.0,12.0,79.5,79.0,83.0,70.0,25.0,36990000.0
thinkpro,68.0,1.07,Samsung,15.6,8.0,LPDDR4x,0.0,512.0,Intel,4.0,8.0,60.2,60.0,67.0,50.0,139.0,24990000.0
thinkpro,86.0,1.92,Dell,15.6,16.0,,0.0,512.0,Intel,14.0,20.0,98.1,98.0,100.0,104.0,58.5,47990000.0
thinkpro,48.0,1.8,Xiaomi,15.0,8.0,DDR4,0.0,256.0,Intel,2.0,4.0,49.6,50.0,61.0,38.0,15.0,12990000.0
thinkpro,80.0,2.14,Razer,15.0,16.0,DDR4,0.0,512.0,Intel,6.0,12.0,79.5,79.0,83.0,70.0,112.0,69990000.0
thinkpro,56.0,1.23,Other,13.3,16.0,LPDDR5,0.0,1024.0,AMD,6.0,12.0,76.8,77.0,81.0,72.0,10.0,16080000.0
thinkpro,70.0,1.62,Asus,14.0,8.0,,0.0,512.0,Intel,4.0,8.0,60.2,60.0,67.0,50.0,139.0,32990000.0
thinkpro,54.0,1.75,Dell,15.6,8.0,DDR4,0.0,256.0,AMD,6.0,12.0,69.5,69.0,71.0,63.0,,13990000.0
thinkpro,67.0,1.1,Asus,13.3,8.0,,0.0,512.0,Intel,4.0,8.0,60.2,60.0,67.0,50.0,139.0,24790000.0
thinkpro,48.0,0.907,Lenovo,13.0,16.0,LPDDR4x,0.0,512.0,Intel,4.0,8.0,68.8,69.0,78.0,58.0,139.0,27490000.0
thinkpro,80.0,1.35,LG,17.0,16.0,DDR5,0.0,256.0,Intel,12.0,16.0,73.8,74.0,80.0,70.0,139.0,42990000.0
thinkpro,38.0,1.65,Lenovo,15.6,8.0,,0.0,256.0,Intel,2.0,4.0,49.6,50.0,61.0,38.0,112.0,11390000.0
thinkpro,63.0,1.4,Asus,14.0,8.0,,0.0,512.0,AMD,6.0,12.0,73.0,73.0,76.0,67.0,121.0,27990000.0
laptop88,99.99,2.0,MSI,15.6,32.0,DDR5,0.0,1024.0,Intel,14.0,20.0,98.1,98.0,100.0,104.0,121.0,64990000.0
laptop88,,2.0,HP,17.3,8.0,DDR4,0.0,256.0,Intel,4.0,8.0,0.0,0.0,0.0,0.0,139.0,12390000.0
thinkpro,42.0,1.5,Asus,14.0,4.0,DDR4,0.0,512.0,Intel,10.0,12.0,71.4,71.0,78.0,70.0,112.0,13490000.0
laptop88,,,Lenovo,14.0,16.0,LPDDR5,0.0,512.0,Intel,,,,,,,,28690000.0
laptop88,45.0,2.0,Lenovo,15.6,8.0,DDR4,0.0,256.0,Intel,,,,,,,42.3,15990000.0
laptop88,,,LG,16.0,16.0,LPDDR5,0.0,512.0,Intel,6.0,6.0,93.2,93.0,95.0,77.0,139.0,29690000.0
thinkpro,57.5,2.2,Acer,15.6,8.0,DDR4,0.0,512.0,Intel,8.0,16.0,87.9,88.0,90.0,86.0,58.0,22890000.0
thinkpro,54.0,1.57,Dell,14.0,16.0,DDR4,0.0,512.0,Intel,10.0,12.0,65.2,65.0,75.0,59.0,30.1,33990000.0
laptop88,54.0,1.0,Dell,16.0,8.0,DDR4,0.0,512.0,Intel,6.0,12.0,0.0,0.0,0.0,0.0,121.0,17990000.0
thinkpro,71.0,1.99,Lenovo,16.0,16.0,,0.0,512.0,AMD,6.0,12.0,73.0,73.0,76.0,67.0,89.0,31990000.0
laptop88,,,MSI,15.6,8.0,DDR4,0.0,512.0,Intel,6.0,12.0,76.8,77.0,80.0,67.0,88.6,23990000.0
thinkpro,32.0,,Lenovo,11.6,4.0,DDR4,0.0,256.0,Intel,4.0,4.0,0.0,0.0,0.0,0.0,1.43,10490000.0
laptop88,56.0,2.0,Asus,15.6,8.0,DDR4,0.0,512.0,Intel,8.0,16.0,0.0,0.0,0.0,0.0,58.5,22390000.0
thinkpro,51.5,0.891,Microsoft,13.0,8.0,LPDDR4x,0.0,128.0,Intel,4.0,8.0,60.2,60.0,67.0,50.0,139.0,26990000.0
thinkpro,42.0,,Asus,14.0,8.0,DDR4,0.0,256.0,Intel,2.0,4.0,0.0,0.0,0.0,0.0,112.0,15390000.0
thinkpro,43.0,1.41,HP,14.0,4.0,DDR4,0.0,256.0,Intel,6.0,8.0,68.5,68.0,78.0,59.0,112.0,13990000.0
thinkpro,49.9,1.29,Apple,13.3,8.0,,0.0,256.0,Apple,8.0,8.0,0.0,0.0,0.0,0.0,,22990000.0
thinkpro,56.0,2.1,Asus,15.6,8.0,,0.0,512.0,AMD,8.0,16.0,45.4,45.0,46.0,39.0,42.9,23490000.0
thinkpro,90.0,2.7,Asus,17.3,16.0,DDR4,0.0,1024.0,AMD,8.0,16.0,75.1,75.0,78.0,72.0,121.0,38990000.0
thinkpro,54.0,2.25,MSI,15.6,16.0,DDR4,0.0,512.0,Intel,8.0,16.0,87.9,88.0,90.0,86.0,112.0,37990000.0
thinkpro,42.0,1.46,HP,14.0,8.0,DDR4,0.0,256.0,Intel,4.0,8.0,53.4,53.0,59.0,42.0,112.0,9990000.0
thinkpro,45.0,1.59,Lenovo,14.0,8.0,DDR4,0.0,512.0,Intel,12.0,16.0,72.4,72.0,78.0,70.0,139.0,19990000.0
thinkpro,65.0,2.1,Razer,15.0,16.0,DDR4,0.0,512.0,Intel,6.0,12.0,76.8,77.0,80.0,67.0,76.2,49990000.0
thinkpro,90.0,2.48,Asus,15.6,32.0,DDR4,0.0,1024.0,AMD,8.0,16.0,78.2,78.0,81.0,76.0,121.0,74990000.0
thinkpro,59.0,1.37,Lenovo,13.3,16.0,,0.0,512.0,AMD,8.0,16.0,72.3,72.0,74.0,69.0,121.0,21490000.0
thinkpro,,,Apple,16.0,16.0,,0.0,512.0,Apple,10.0,,0.0,0.0,0.0,0.0,,54990000.0
laptop88,60.0,2.0,Lenovo,15.6,16.0,DDR5,0.0,512.0,AMD,14.0,20.0,98.1,98.0,100.0,104.0,58.5,27690000.0
thinkpro,70.0,2.45,HP,15.0,16.0,DDR4,0.0,512.0,Intel,6.0,12.0,76.8,77.0,80.0,67.0,76.2,29990000.0
thinkpro,80.0,2.3,Lenovo,16.0,16.0,,0.0,512.0,Intel,8.0,16.0,87.9,88.0,90.0,86.0,53.7,31990000.0
thinkpro,99.9,2.8,MSI,17.3,32.0,DDR5,0.0,2048.0,Intel,16.0,24.0,100.0,100.0,103.0,106.0,139.0,119990000.0
thinkpro,,,Dell,14.0,,,0.0,512.0,Intel,6.0,12.0,114.0,114.0,114.0,126.0,88.6,69990000.0
thinkpro,65.0,1.8,Asus,15.6,8.0,DDR4,0.0,512.0,Intel,4.0,8.0,63.2,63.0,71.0,52.0,52.0,19490000.0
laptop88,,,HP,14.0,4.0,DDR4,0.0,128.0,AMD,,,,,,,121.0,7390000.0
thinkpro,58.2,1.4,Apple,13.3,8.0,,0.0,256.0,Apple,8.0,,0.0,0.0,0.0,0.0,,34990000.0
thinkpro,42.0,,Asus,15.6,8.0,DDR4,0.0,512.0,AMD,6.0,12.0,69.5,69.0,71.0,63.0,121.0,18790000.0
thinkpro,70.0,,HP,16.0,8.0,DDR4,0.0,256.0,Intel,6.0,12.0,74.5,74.0,78.0,69.0,58.5,21990000.0
laptop88,,1.0,HP,15.6,8.0,DDR4,0.0,256.0,Intel,,,,,,,11.9,12490000.0
laptop88,60.0,,Lenovo,15.6,16.0,DDR4,0.0,512.0,Intel,12.0,16.0,94.8,95.0,97.0,94.0,58.5,24990000.0
thinkpro,39.0,1.6,MSI,15.6,8.0,DDR4,0.0,512.0,Intel,4.0,8.0,69.7,70.0,78.0,57.0,,14690000.0
thinkpro,41.0,1.69,HP,15.0,8.0,DDR4,0.0,512.0,Intel,4.0,8.0,60.2,60.0,67.0,50.0,139.0,16590000.0
thinkpro,97.0,2.57,Dell,17.0,32.0,,0.0,1024.0,Intel,14.0,20.0,98.1,98.0,100.0,104.0,53.7,45390000.0
thinkpro,86.0,2.56,Dell,15.0,16.0,DDR4,0.0,512.0,Intel,6.0,12.0,76.8,77.0,80.0,67.0,76.2,41990000.0
thinkpro,41.0,1.7,Dell,15.6,4.0,DDR4,0.0,256.0,Intel,2.0,4.0,49.6,50.0,61.0,38.0,112.0,15990000.0
thinkpro,41.0,1.69,HP,15.6,8.0,DDR4,0.0,256.0,Intel,10.0,12.0,63.6,64.0,72.0,59.0,139.0,16890000.0
thinkpro,53.5,,MSI,15.6,8.0,DDR4,0.0,512.0,Intel,8.0,16.0,87.9,88.0,90.0,86.0,58.5,28990000.0
thinkpro,42.0,1.64,Dell,14.0,8.0,DDR4,0.0,512.0,Intel,4.0,8.0,63.2,63.0,71.0,52.0,15.0,15790000.0
thinkpro,80.0,1.35,LG,17.0,16.0,DDR5,0.0,512.0,Intel,12.0,16.0,73.8,74.0,80.0,70.0,139.0,42990000.0
thinkpro,41.0,1.69,HP,15.0,8.0,DDR4,0.0,512.0,Intel,4.0,8.0,60.2,60.0,67.0,50.0,139.0,15590000.0
thinkpro,51.0,1.3,Dell,13.0,16.0,,0.0,512.0,Intel,4.0,8.0,60.9,61.0,69.0,51.0,139.0,27790000.0
thinkpro,80.0,2.45,Lenovo,16.0,16.0,DDR4,0.0,1024.0,AMD,8.0,16.0,75.1,75.0,78.0,72.0,121.0,48990000.0
laptop88,63.0,1.0,Asus,14.0,16.0,DDR5,0.0,512.0,Intel,12.0,16.0,94.8,95.0,97.0,94.0,139.0,31690000.0
laptop88,,2.0,Lenovo,15.6,16.0,DDR4,0.0,512.0,Intel,14.0,20.0,98.1,98.0,100.0,104.0,,27690000.0
thinkpro,76.0,1.75,Asus,14.5,32.0,LPDDR5,0.0,1024.0,Intel,14.0,20.0,100.0,100.0,103.0,106.0,139.0,65990000.0
thinkpro,68.0,2.1,Dell,15.0,64.0,,0.0,4096.0,Intel,14.0,20.0,101.0,101.0,104.0,106.0,70.0,69990000.0
thinkpro,41.0,1.75,HP,15.6,8.0,DDR4,0.0,512.0,Intel,4.0,8.0,63.2,63.0,71.0,52.0,139.0,15790000.0
thinkpro,44.5,1.39,Lenovo,14.0,8.0,DDR4,0.0,256.0,Intel,4.0,8.0,51.1,51.0,57.0,41.0,5.0,9990000.0
laptop88,50.0,1.0,Asus,14.0,8.0,DDR4,0.0,256.0,Intel,,,,,,,112.0,14090000.0
thinkpro,57.0,1.66,Lenovo,15.0,8.0,DDR4,0.0,512.0,Intel,4.0,8.0,51.1,51.0,57.0,41.0,5.0,12990000.0
thinkpro,39.0,1.11,Microsoft,12.0,8.0,,0.0,128.0,Intel,4.0,8.0,51.1,51.0,57.0,41.0,5.0,12990000.0
thinkpro,51.0,1.17,Dell,13.4,8.0,LPDDR5,0.0,512.0,Intel,10.0,12.0,63.6,64.0,72.0,59.0,139.0,27390000.0
thinkpro,54.0,1.4,Dell,14.0,8.0,,0.0,512.0,AMD,8.0,16.0,72.3,72.0,74.0,69.0,121.0,18990000.0
laptop88,,,Asus,16.0,32.0,LPDDR5,0.0,1024.0,AMD,14.0,20.0,100.0,100.0,103.0,106.0,88.6,74990000.0
thinkpro,90.0,2.9,Asus,17.3,8.0,,0.0,512.0,AMD,8.0,16.0,79.6,80.0,83.0,78.0,121.0,61990000.0
laptop88,,,Dell,16.0,8.0,DDR4,0.0,256.0,Intel,12.0,16.0,72.4,72.0,78.0,70.0,112.0,17990000.0
thinkpro,82.0,2.75,Razer,17.3,32.0,,0.0,1024.0,Intel,14.0,20.0,100.0,100.0,103.0,106.0,139.0,129990000.0
thinkpro,41.0,1.69,HP,15.6,12.0,,0.0,256.0,Intel,4.0,8.0,60.2,60.0,67.0,50.0,88.6,19790000.0
laptop88,90.0,1.0,Asus,15.6,32.0,DDR5,0.0,1024.0,Intel,,,,,,,121.0,57990000.0
laptop88,48.0,2.0,Asus,15.6,8.0,DDR4,0.0,512.0,Intel,4.0,8.0,69.8,70.0,74.0,57.0,42.9,16990000.0
thinkpro,48.0,2.2,GIGABYTE,15.6,16.0,DDR4,0.0,512.0,Intel,8.0,12.0,74.5,74.0,78.0,69.0,58.5,19699000.0
laptop88,,2.0,HP,17.3,8.0,DDR4,0.0,256.0,Intel,4.0,8.0,0.0,0.0,0.0,0.0,139.0,11990000.0
laptop88,,2.0,Asus,17.3,16.0,DDR5,0.0,512.0,Intel,,,,,,,88.6,38990000.0
laptop88,,1.0,Asus,15.6,8.0,DDR4,0.0,512.0,Intel,,,,,,,8.98,15490000.0
thinkpro,57.5,2.2,Acer,15.6,8.0,DDR4,1.0,512.0,Intel,8.0,16.0,87.9,88.0,90.0,86.0,58.5,22390000.0
laptop88,6.0,2.0,Asus,15.6,8.0,DDR5,0.0,512.0,Intel,8.0,12.0,82.4,82.0,87.0,77.0,58.5,23390000.0
thinkpro,76.0,2.0,Asus,15.6,8.0,DDR4,0.0,512.0,Intel,4.0,8.0,68.6,69.0,75.0,59.0,88.6,27690000.0
thinkpro,80.0,2.14,Razer,15.0,16.0,DDR4,0.0,1024.0,Intel,8.0,16.0,78.8,79.0,81.0,73.0,76.2,74990000.0
thinkpro,36.7,1.7,Acer,15.6,4.0,,0.0,256.0,Intel,2.0,4.0,49.6,50.0,61.0,38.0,112.0,9990000.0
thinkpro,37.0,,Asus,15.6,4.0,DDR4,1024.0,256.0,Intel,2.0,2.0,20.9,21.0,27.0,15.0,112.0,7990000.0
thinkpro,51.0,1.3,Dell,13.0,16.0,,0.0,256.0,Intel,4.0,8.0,63.2,63.0,71.0,52.0,139.0,37990000.0
thinkpro,51.0,1.32,HP,13.3,8.0,DDR4,0.0,512.0,Intel,4.0,8.0,60.2,60.0,67.0,50.0,139.0,22390000.0
laptop88,86.0,2.0,Dell,15.6,32.0,DDR4,0.0,1024.0,Intel,8.0,16.0,87.9,88.0,90.0,86.0,,58990000.0
thinkpro,59.0,2.3,Acer,15.6,16.0,,0.0,512.0,Intel,8.0,16.0,87.9,88.0,90.0,86.0,88.6,39990000.0
thinkpro,86.0,1.83,Dell,15.6,32.0,DDR4,0.0,512.0,Intel,6.0,12.0,79.5,79.0,83.0,70.0,65.0,31990000.0
thinkpro,56.0,1.9,Dell,15.6,8.0,DDR4,0.0,256.0,Intel,4.0,8.0,69.8,70.0,74.0,57.0,76.2,21490000.0
thinkpro,90.0,1.81,Lenovo,16.0,32.0,,0.0,512.0,Intel,8.0,16.0,89.2,89.0,92.0,88.0,112.0,44990000.0
thinkpro,61.0,1.1,Lenovo,14.0,16.0,LPDDR4x,0.0,1024.0,AMD,8.0,16.0,70.6,71.0,73.0,68.0,121.0,35990000.0
thinkpro,61.0,1.39,Lenovo,14.0,16.0,DDR4,0.0,1024.0,AMD,8.0,16.0,73.6,74.0,75.0,73.0,21.5,32990000.0
thinkpro,80.0,1.7,Lenovo,15.0,16.0,DDR4,0.0,512.0,Intel,6.0,12.0,76.8,77.0,80.0,67.0,42.0,26990000.0
thinkpro,100.0,2.38,MSI,15.6,16.0,DDR4,0.0,2048.0,Intel,8.0,16.0,87.9,88.0,90.0,86.0,112.0,59990000.0
thinkpro,42.0,1.96,Dell,15.6,8.0,,0.0,256.0,Intel,2.0,4.0,49.6,50.0,61.0,38.0,112.0,9990000.0
thinkpro,45.0,1.64,Lenovo,14.0,8.0,DDR4,0.0,256.0,AMD,6.0,12.0,68.5,69.0,71.0,62.0,121.0,21990000.0
thinkpro,39.0,1.18,MSI,14.0,8.0,,0.0,128.0,Intel,4.0,8.0,53.4,53.0,59.0,42.0,112.0,10990000.0
thinkpro,96.0,1.8,Asus,15.6,16.0,,0.0,1024.0,Intel,14.0,20.0,98.1,98.0,100.0,104.0,,28990000.0
thinkpro,45.0,1.66,Lenovo,15.6,16.0,DDR4,0.0,512.0,Intel,4.0,8.0,60.2,60.0,67.0,50.0,139.0,21490000.0
laptop88,67.0,1.0,Asus,14.0,8.0,,0.0,512.0,Intel,6.0,12.0,73.0,73.0,76.0,67.0,121.0,16990000.0
laptop88,,2.0,HP,17.3,8.0,DDR4,0.0,256.0,Intel,4.0,8.0,60.2,60.0,67.0,50.0,139.0,12390000.0
laptop88,63.0,1.0,Asus,14.0,8.0,DDR4,0.0,512.0,Intel,,,,,,,121.0,24690000.0
thinkpro,56.0,,Other,,16.0,LPDDR4x,0.0,1024.0,AMD,,,70.6,71.0,73.0,68.0,121.0,59000000.0
thinkpro,52.6,1.24,Apple,13.6,8.0,,0.0,256.0,Apple,8.0,,0.0,0.0,0.0,0.0,,27990000.0
laptop88,,,HP,17.3,8.0,DDR4,0.0,256.0,Intel,4.0,8.0,60.2,60.0,67.0,50.0,139.0,11690000.0
laptop88,,,Lenovo,15.6,16.0,DDR4,0.0,512.0,Intel,,,,,,,58.5,24990000.0
thinkpro,49.0,1.3,Apple,13.0,8.0,,0.0,256.0,Apple,8.0,8.0,0.0,0.0,0.0,0.0,,20690000.0
thinkpro,54.0,1.75,Dell,15.6,16.0,DDR4,0.0,512.0,Intel,4.0,8.0,73.0,73.0,80.0,62.0,21.5,21990000.0
thinkpro,36.0,0.99,GIGABYTE,14.0,16.0,DDR4,0.0,512.0,Intel,4.0,8.0,69.7,70.0,78.0,57.0,139.0,15790000.0
thinkpro,80.0,1.35,LG,17.0,16.0,DDR5,0.0,256.0,Intel,12.0,16.0,72.4,72.0,78.0,70.0,139.0,40990000.0
thinkpro,56.0,2.2,Asus,15.6,8.0,,0.0,512.0,AMD,8.0,16.0,78.1,78.0,81.0,77.0,88.6,34990000.0
laptop88,,1.0,Dell,13.3,16.0,DDR4,0.0,256.0,Intel,,,,,,,139.0,18990000.0
thinkpro,57.0,1.2,Lenovo,,16.0,,0.0,256.0,Intel,10.0,12.0,63.6,64.0,72.0,59.0,,23490000.0
thinkpro,48.96,2.2,GIGABYTE,15.6,16.0,,0.0,512.0,Intel,6.0,12.0,74.5,74.0,78.0,69.0,58.0,19990000.0
laptop88,,,HP,14.0,8.0,DDR4,0.0,512.0,AMD,10.0,12.0,63.6,64.0,72.0,59.0,112.0,18590000.0
laptop88,,,Dell,15.6,16.0,,0.0,512.0,Intel,,,,,,,121.0,15990000.0
thinkpro,56.0,1.45,Huawei,14.0,8.0,DDR4,0.0,512.0,Intel,4.0,8.0,60.2,60.0,67.0,50.0,139.0,18490000.0
thinkpro,43.0,1.61,HP,14.0,4.0,DDR4,0.0,512.0,Intel,2.0,4.0,49.6,50.0,61.0,38.0,5.0,14890000.0
laptop88,,2.0,MSI,15.6,8.0,DDR4,0.0,512.0,Apple,,,,,,,58.5,25690000.0
thinkpro,87.0,2.35,Dell,15.6,16.0,,0.0,1024.0,Intel,14.0,20.0,98.1,98.0,100.0,104.0,88.6,70000000.0
thinkpro,56.5,1.42,Lenovo,14.0,16.0,LPDDR5,0.0,512.0,Intel,12.0,16.0,72.4,72.0,78.0,70.0,139.0,22990000.0
thinkpro,96.0,1.8,Lenovo,15.6,16.0,,0.0,1024.0,Intel,14.0,20.0,98.1,98.0,100.0,104.0,,14390000.0
laptop88,90.0,2.0,Asus,15.6,32.0,DDR5,0.0,2048.0,Intel,14.0,20.0,100.0,100.0,103.0,106.0,139.0,76490000.0
thinkpro,54.0,1.25,Dell,13.3,16.0,LPDDR5,0.0,512.0,Intel,10.0,12.0,72.4,72.0,78.0,70.0,139.0,19990000.0
thinkpro,80.0,1.7,Lenovo,15.0,16.0,DDR4,0.0,512.0,Intel,6.0,12.0,77.1,77.0,80.0,67.0,76.2,22990000.0
laptop88,,1.0,Dell,14.0,8.0,DDR4,0.0,256.0,Intel,4.0,8.0,60.2,60.0,67.0,50.0,,15990000.0
laptop88,,,HP,16.1,16.0,DDR5,0.0,512.0,Intel,,,,,,,58.5,26590000.0
thinkpro,61.0,1.38,Lenovo,14.0,16.0,,0.0,256.0,Intel,4.0,8.0,68.6,69.0,75.0,59.0,139.0,21990000.0
thinkpro,39.0,1.4,MSI,14.0,8.0,DDR4,0.0,512.0,AMD,6.0,12.0,70.3,70.0,73.0,64.0,121.0,15490000.0
laptop88,,1.0,Dell,14.0,8.0,DDR4,0.0,512.0,Intel,10.0,12.0,63.6,64.0,72.0,59.0,112.0,20990000.0
thinkpro,56.0,1.9,Asus,15.6,8.0,LPDDR4x,0.0,256.0,AMD,8.0,16.0,72.3,72.0,74.0,69.0,21.5,16990000.0
thinkpro,54.0,1.97,Dell,16.0,8.0,DDR4,0.0,512.0,AMD,6.0,12.0,70.3,70.0,73.0,64.0,121.0,17390000.0
laptop88,,,Dell,14.0,8.0,DDR4,0.0,256.0,AMD,,,,,,,,16690000.0
thinkpro,57.5,2.5,Acer,15.6,8.0,DDR4,0.0,512.0,Intel,12.0,16.0,94.8,95.0,97.0,94.0,53.7,23490000.0
thinkpro,51.0,1.09,Lenovo,14.0,16.0,LPDDR3,0.0,512.0,Intel,4.0,8.0,64.5,64.0,71.0,52.0,9.64,21990000.0
thinkpro,39.3,1.4,Other,14.0,8.0,DDR4,0.0,512.0,Intel,10.0,12.0,63.6,64.0,72.0,59.0,139.0,3590000.0
laptop88,,,Dell,15.6,16.0,DDR5,0.0,512.0,Intel,14.0,20.0,98.1,98.0,100.0,104.0,58.5,39990000.0
thinkpro,63.0,0.87,Samsung,13.3,8.0,LPDDDR5,0.0,256.0,Intel,12.0,16.0,72.4,72.0,78.0,70.0,139.0,39000000.0
laptop88,,,HP,14.0,4.0,DDR4,1024.0,0.0,Intel,,,,,,,121.0,7690000.0
thinkpro,96.0,2.5,GIGABYTE,17.3,16.0,,0.0,512.0,Intel,8.0,16.0,87.9,88.0,90.0,86.0,58.5,31990000.0
thinkpro,,,Dell,14.0,8.0,,0.0,256.0,Intel,12.0,16.0,94.8,95.0,97.0,94.0,65.0,59990000.0
thinkpro,41.0,,HP,14.0,8.0,DDR4,0.0,512.0,Intel,4.0,8.0,60.2,60.0,67.0,50.0,139.0,17490000.0
thinkpro,70.0,1.8,Asus,15.6,16.0,,0.0,512.0,AMD,6.0,12.0,73.0,73.0,76.0,67.0,53.7,22990000.0
laptop88,,,HP,14.0,8.0,DDR4,0.0,256.0,AMD,10.0,12.0,63.6,64.0,72.0,59.0,112.0,17590000.0
thinkpro,46.0,1.26,Microsoft,13.5,8.0,,0.0,128.0,AMD,6.0,12.0,0.0,0.0,0.0,0.0,121.0,16990000.0
thinkpro,67.0,1.3,HP,13.3,8.0,,0.0,512.0,Intel,4.0,8.0,60.2,60.0,67.0,50.0,139.0,21890000.0
laptop88,,,Samsung,15.6,8.0,DDR4,0.0,512.0,Intel,,,,,,,58.5,22490000.0
laptop88,63.0,1.0,Asus,14.0,16.0,DDR5,0.0,1024.0,Intel,14.0,20.0,98.1,98.0,100.0,104.0,139.0,37990000.0
thinkpro,99.0,2.0,GIGABYTE,15.6,16.0,DDR4,0.0,1024.0,Intel,8.0,16.0,87.9,88.0,90.0,86.0,128.0,59990000.0
laptop88,,,LG,16.0,8.0,LPDDR5,0.0,256.0,Intel,6.0,6.0,93.2,93.0,95.0,77.0,139.0,27690000.0
thinkpro,56.5,1.38,Lenovo,14.0,8.0,DDR4,0.0,512.0,Intel,4.0,8.0,69.7,70.0,78.0,57.0,139.0,22990000.0
thinkpro,61.0,1.38,Lenovo,14.0,16.0,,0.0,512.0,Intel,4.0,8.0,66.4,66.0,73.0,57.0,139.0,26990000.0
laptop88,,,HP,15.6,8.0,DDR4,0.0,256.0,Intel,,,,,,,121.0,15490000.0
thinkpro,48.9,0.77,Microsoft,12.3,8.0,LPDDR4x,0.0,128.0,Intel,4.0,8.0,60.2,60.0,67.0,50.0,139.0,17990000.0
laptop88,36.7,1.0,Acer,15.6,4.0,DDR4,0.0,256.0,Intel,2.0,4.0,90.6,91.0,88.0,75.0,112.0,8990000.0
thinkpro,80.0,2.14,Razer,15.0,32.0,DDR4,0.0,1024.0,Intel,8.0,16.0,78.8,79.0,81.0,73.0,76.2,83990000.0
laptop88,60.0,2.0,Lenovo,15.6,8.0,DDR5,0.0,512.0,Intel,,,,,,,58.5,21990000.0
laptop88,45.0,1.0,Lenovo,14.0,8.0,DDR4,0.0,256.0,Intel,6.0,12.0,0.0,0.0,0.0,0.0,121.0,12990000.0
thinkpro,80.0,1.35,LG,17.0,16.0,,0.0,512.0,Intel,4.0,8.0,63.2,63.0,71.0,52.0,139.0,29990000.0
thinkpro,51.0,1.3,Dell,13.0,16.0,,0.0,512.0,Intel,4.0,8.0,53.2,53.0,59.0,43.0,11.0,22990000.0
laptop88,,2.0,MSI,17.3,32.0,DDR5,0.0,1024.0,Intel,14.0,20.0,98.1,98.0,100.0,104.0,121.0,61990000.0
thinkpro,97.0,2.0,Dell,15.6,16.0,DDR4,0.0,512.0,Intel,4.0,8.0,63.0,63.0,67.0,51.0,76.2,24490000.0
thinkpro,62.0,1.3,Asus,13.0,16.0,,0.0,512.0,AMD,8.0,16.0,73.6,74.0,75.0,73.0,121.0,34990000.0
thinkpro,70.0,2.46,HP,16.1,8.0,DDR4,0.0,512.0,Intel,8.0,16.0,87.9,88.0,90.0,86.0,58.5,24890000.0
thinkpro,72.0,,Asus,14.0,8.0,DDR4,0.0,512.0,AMD,8.0,16.0,73.6,74.0,75.0,73.0,42.9,28990000.0
thinkpro,53.0,1.7,Dell,15.6,8.0,DDR4,0.0,256.0,Intel,4.0,8.0,60.2,60.0,67.0,50.0,139.0,12990000.0
thinkpro,80.0,,Lenovo,15.6,8.0,DDR4,0.0,512.0,AMD,8.0,16.0,75.1,75.0,78.0,72.0,58.0,27990000.0
thinkpro,59.0,1.9,Acer,16.1,16.0,,0.0,512.0,Intel,4.0,8.0,73.0,73.0,80.0,62.0,58.5,29990000.0
laptop88,,,LG,16.0,16.0,LPDDR5,0.0,512.0,Intel,12.0,16.0,73.8,74.0,80.0,70.0,,27990000.0
thinkpro,50.0,1.6,Lenovo,14.0,8.0,DDR4,0.0,256.0,Intel,4.0,8.0,52.7,53.0,58.0,41.0,9.64,22490000.0
thinkpro,52.0,1.27,Dell,13.3,16.0,LPDDR3,0.0,256.0,Intel,4.0,8.0,51.6,52.0,56.0,41.0,9.64,19990000.0
laptop88,,1.0,MSI,14.0,8.0,DDR4,0.0,256.0,Intel,2.0,4.0,49.6,50.0,61.0,38.0,112.0,11690000.0
laptop88,,,HP,17.3,8.0,DDR4,0.0,256.0,AMD,4.0,8.0,0.0,0.0,0.0,0.0,139.0,11690000.0
thinkpro,51.0,,HP,13.3,8.0,DDR4,0.0,256.0,Intel,4.0,8.0,60.2,60.0,67.0,50.0,139.0,15990000.0
thinkpro,36.0,1.9,Acer,15.6,4.0,DDR4,0.0,256.0,Intel,4.0,8.0,51.1,51.0,57.0,41.0,5.0,13990000.0
laptop88,56.0,1.0,Lenovo,13.3,8.0,DDR4,0.0,256.0,AMD,4.0,8.0,60.2,60.0,67.0,50.0,139.0,14990000.0
thinkpro,56.0,1.69,HP,15.6,32.0,DDR4,0.0,512.0,Intel,4.0,8.0,60.9,61.0,69.0,51.0,139.0,22790000.0
thinkpro,52.0,1.3,MSI,14.0,8.0,DDR4,0.0,512.0,Intel,4.0,8.0,69.7,70.0,78.0,57.0,21.5,15990000.0
thinkpro,80.0,2.4,Lenovo,15.6,16.0,DDR4,1.0,512.0,AMD,6.0,12.0,73.0,73.0,76.0,67.0,88.6,37990000.0
laptop88,,2.0,HP,17.3,8.0,DDR4,0.0,256.0,Intel,4.0,8.0,60.2,60.0,67.0,50.0,139.0,11990000.0
laptop88,,1.0,Dell,14.0,8.0,DDR4,0.0,512.0,Intel,6.0,12.0,0.0,0.0,0.0,0.0,,15990000.0
laptop88,,,HP,14.0,8.0,,0.0,256.0,Intel,4.0,8.0,60.2,60.0,67.0,50.0,139.0,13990000.0
thinkpro,41.0,1.47,HP,14.0,8.0,DDR4,0.0,512.0,Intel,4.0,8.0,60.2,60.0,67.0,50.0,139.0,18990000.0
thinkpro,50.0,1.8,Asus,15.0,8.0,DDR4,0.0,512.0,Intel,4.0,8.0,60.2,60.0,67.0,50.0,139.0,19790000.0
thinkpro,56.0,1.49,Huawei,14.0,16.0,DDR4,0.0,512.0,Intel,12.0,16.0,72.4,72.0,78.0,70.0,16.0,23990000.0
laptop88,67.0,1.0,Asus,13.3,8.0,,0.0,512.0,AMD,4.0,8.0,63.2,63.0,71.0,52.0,139.0,19990000.0
thinkpro,37.0,1.28,AVITA,14.0,8.0,DDR4,0.0,1024.0,Intel,4.0,8.0,56.4,56.0,62.0,44.0,9.64,13990000.0
laptop88,76.0,1.0,Asus,15.6,16.0,DDR5,0.0,1024.0,AMD,,,,,,,,45690000.0
thinkpro,75.0,1.39,Asus,14.0,8.0,LPDDR5,0.0,256.0,Intel,12.0,16.0,72.4,72.0,78.0,70.0,139.0,17990000.0
thinkpro,42.0,1.8,Asus,15.0,8.0,DDR4,0.0,512.0,Intel,4.0,8.0,60.2,60.0,67.0,50.0,139.0,17390000.0
laptop88,38.0,1.0,Other,15.6,8.0,DDR4,0.0,512.0,Intel,4.0,8.0,0.0,0.0,0.0,0.0,139.0,13990000.0
laptop88,,2.0,MSI,15.6,8.0,DDR4,0.0,512.0,Intel,8.0,12.0,82.4,82.0,87.0,77.0,58.5,21590000.0
thinkpro,54.0,1.45,Dell,14.0,8.0,DDR4,0.0,512.0,Intel,4.0,8.0,73.0,73.0,80.0,62.0,139.0,19990000.0
laptop88,,2.0,Asus,15.6,8.0,DDR4,0.0,512.0,Intel,6.0,12.0,74.5,74.0,78.0,69.0,58.5,20290000.0
thinkpro,42.0,1.64,Dell,14.0,8.0,DDR4,0.0,512.0,AMD,4.0,8.0,48.1,48.0,52.0,40.0,7.31,13390000.0
thinkpro,56.0,,Dell,15.6,8.0,DDR4,0.0,256.0,Intel,6.0,12.0,74.5,74.0,78.0,69.0,53.7,27990000.0
thinkpro,86.0,2.56,Dell,15.0,8.0,DDR4,0.0,512.0,Intel,6.0,12.0,76.8,77.0,80.0,67.0,76.2,37990000.0
laptop88,5.0,1.0,Asus,14.0,8.0,DDR4,0.0,512.0,Intel,6.0,12.0,0.0,0.0,0.0,0.0,10.3,22990000.0
thinkpro,86.0,2.69,Dell,15.6,32.0,DDR4,0.0,1024.0,Intel,8.0,16.0,87.9,88.0,90.0,86.0,88.6,61990000.0
thinkpro,40.0,1.72,Dell,14.0,8.0,DDR4,0.0,512.0,Intel,4.0,8.0,63.2,63.0,71.0,52.0,139.0,26990000.0
thinkpro,63.0,1.4,Asus,14.0,8.0,DDR5,0.0,512.0,Intel,12.0,16.0,94.8,95.0,97.0,94.0,139.0,28790000.0
laptop88,75.0,1.0,Lenovo,16.0,16.0,DDR5,0.0,512.0,Intel,,,,,,,58.5,25990000.0
thinkpro,54.0,1.63,Dell,14.0,8.0,DDR4,0.0,512.0,AMD,6.0,12.0,70.3,70.0,73.0,64.0,121.0,17990000.0
thinkpro,67.0,1.218,Asus,13.3,16.0,LPDDR4x,0.0,1024.0,Intel,4.0,8.0,63.2,63.0,71.0,52.0,88.6,41990000.0
thinkpro,63.0,1.65,Asus,15.6,16.0,,0.0,512.0,AMD,8.0,16.0,75.1,75.0,78.0,72.0,58.0,29990000.0
laptop88,,,HP,16.1,8.0,DDR5,0.0,512.0,Intel,,,,,,,58.5,24990000.0
thinkpro,57.0,1.8,Lenovo,15.6,8.0,DDR4,0.0,256.0,Intel,4.0,8.0,40.3,40.0,41.0,27.0,9.64,17990000.0
thinkpro,54.0,2.6,MSI,17.3,8.0,DDR4,0.0,512.0,Intel,8.0,16.0,87.9,88.0,90.0,86.0,112.0,31990000.0
thinkpro,90.0,2.9,Asus,17.3,8.0,,0.0,512.0,AMD,8.0,16.0,78.1,78.0,81.0,77.0,88.6,46990000.0
laptop88,,2.0,Asus,15.6,16.0,DDR5,0.0,1024.0,Intel,,,,,,,121.0,51390000.0
thinkpro,40.0,1.0,Acer,14.0,8.0,,0.0,512.0,Intel,4.0,8.0,60.2,60.0,67.0,50.0,139.0,26990000.0
thinkpro,80.0,2.14,Other,15.0,32.0,DDR4,0.0,1024.0,Intel,8.0,16.0,78.8,79.0,81.0,73.0,76.2,10500000.0
laptop88,45.0,,Lenovo,15.6,8.0,DDR4,0.0,256.0,Intel,,,,,,,58.5,16290000.0
laptop88,6.0,2.0,Asus,15.6,8.0,DDR5,0.0,512.0,Intel,8.0,12.0,82.4,82.0,87.0,77.0,58.5,23990000.0
thinkpro,90.0,2.3,Asus,15.6,16.0,DDR4,0.0,512.0,AMD,8.0,16.0,78.2,78.0,81.0,76.0,88.6,32990000.0
thinkpro,90.0,2.4,Asus,16.0,32.0,DDR5,0.0,1024.0,Intel,14.0,,100.0,100.0,103.0,106.0,87.0,82990000.0
thinkpro,,1.97,Lenovo,15.6,8.0,DDR3L,0.0,256.0,Intel,2.0,4.0,49.6,50.0,57.0,36.0,4.83,12990000.0
thinkpro,56.0,1.19,Acer,13.0,8.0,LPDDR4x,0.0,512.0,Intel,4.0,8.0,60.2,60.0,67.0,50.0,139.0,19490000.0
thinkpro,54.0,1.87,Dell,16.0,16.0,DDR4,0.0,512.0,Intel,12.0,16.0,72.4,72.0,78.0,70.0,139.0,21990000.0
laptop88,,,MSI,15.6,8.0,DDR4,0.0,512.0,Intel,8.0,12.0,82.4,82.0,87.0,77.0,58.5,27290000.0
laptop88,43.0,1.0,HP,14.0,8.0,DDR4,0.0,256.0,AMD,10.0,12.0,63.6,64.0,72.0,59.0,139.0,15990000.0
laptop88,6.0,1.0,Asus,15.6,8.0,DDR4,0.0,256.0,Intel,,,,,,,21.5,15990000.0
laptop88,60.0,,Lenovo,15.6,8.0,DDR5,0.0,512.0,Intel,6.0,12.0,76.8,77.0,81.0,72.0,58.5,21990000.0
thinkpro,43.0,1.41,HP,14.0,8.0,DDR4,0.0,256.0,Intel,4.0,8.0,60.2,60.0,67.0,50.0,88.6,18490000.0
thinkpro,71.0,1.8,Lenovo,16.0,16.0,LPDDR5,0.0,512.0,AMD,6.0,12.0,76.8,77.0,81.0,72.0,10.0,23490000.0
thinkpro,86.0,2.69,Dell,15.6,32.0,DDR4,0.0,1024.0,Intel,8.0,16.0,87.9,88.0,90.0,86.0,88.6,64990000.0
thinkpro,41.0,1.79,Dell,15.6,4.0,DDR4,0.0,256.0,Intel,2.0,4.0,49.6,50.0,61.0,38.0,112.0,10390000.0
thinkpro,54.0,1.57,Dell,14.0,8.0,DDR4,0.0,512.0,Intel,10.0,12.0,63.6,64.0,72.0,59.0,139.0,17490000.0
thinkpro,48.0,0.907,Lenovo,13.0,16.0,LPDDR4x,0.0,512.0,Intel,4.0,8.0,66.0,66.0,74.0,55.0,139.0,26990000.0
thinkpro,40.0,1.7,Dell,15.0,8.0,DDR4,0.0,512.0,Intel,4.0,8.0,60.2,60.0,67.0,50.0,139.0,22290000.0
laptop88,60.0,,Lenovo,15.6,8.0,DDR4,0.0,512.0,Intel,,,,,,,58.5,25990000.0
laptop88,,,LG,16.0,16.0,LPDDR5,0.0,256.0,Intel,12.0,20.0,114.0,114.0,114.0,126.0,139.0,29990000.0
thinkpro,40.0,1.4,Dell,14.0,16.0,DDR4,0.0,512.0,Intel,4.0,8.0,60.2,60.0,67.0,50.0,139.0,19990000.0
thinkpro,50.0,1.5,Asus,14.0,8.0,DDR4,0.0,512.0,AMD,6.0,6.0,71.4,71.0,73.0,59.0,121.0,16990000.0
thinkpro,99.99,2.66,MSI,15.6,32.0,DDR5,0.0,1024.0,Intel,14.0,20.0,101.0,101.0,104.0,106.0,121.0,77990000.0
thinkpro,56.0,2.8,Dell,15.6,16.0,,0.0,512.0,AMD,6.0,12.0,73.0,73.0,76.0,67.0,58.0,19790000.0
thinkpro,65.0,1.24,Dell,14.0,16.0,LPDDR5,0.0,256.0,Intel,12.0,16.0,82.6,83.0,87.0,79.0,139.0,23990000.0
laptop88,45.0,1.0,Dell,15.6,8.0,DDR4,0.0,512.0,AMD,4.0,8.0,60.2,60.0,67.0,50.0,,15990000.0
laptop88,75.0,,Lenovo,16.0,8.0,DDR4,0.0,512.0,Intel,,,,,,,10.3,15190000.0
laptop88,,,Samsung,15.6,8.0,,0.0,256.0,Intel,4.0,8.0,60.2,60.0,67.0,50.0,139.0,20990000.0
laptop88,90.0,2.0,Asus,15.6,16.0,DDR5,0.0,10242.0,AMD,14.0,20.0,98.1,98.0,100.0,104.0,88.6,47590000.0
laptop88,5.0,1.0,Asus,14.0,8.0,LPDDR5,0.0,256.0,Intel,12.0,16.0,72.4,72.0,78.0,70.0,139.0,16590000.0
thinkpro,76.0,1.75,Asus,14.5,16.0,LPDDR5,0.0,1024.0,Intel,14.0,20.0,98.1,98.0,100.0,104.0,58.5,56990000.0
laptop88,2.0,1.0,Asus,14.0,8.0,DDR4,0.0,512.0,Intel,,,,,,,121.0,19290000.0
thinkpro,52.0,1.29,Dell,13.3,8.0,LPDDR3,0.0,256.0,Intel,4.0,8.0,53.4,53.0,59.0,42.0,9.64,12990000.0
laptop88,60.0,2.0,Lenovo,15.6,8.0,DDR5,0.0,512.0,Intel,12.0,16.0,94.8,95.0,97.0,94.0,58.0,22990000.0
thinkpro,57.0,1.66,Lenovo,15.6,16.0,DDR4,0.0,512.0,AMD,8.0,8.0,75.2,75.0,76.0,67.0,121.0,18490000.0
laptop88,41.0,1.0,Dell,14.0,4.0,DDR4,0.0,256.0,AMD,2.0,4.0,49.6,50.0,61.0,38.0,,11990000.0
thinkpro,45.0,1.38,HP,14.0,8.0,DDR4,0.0,512.0,Intel,4.0,8.0,60.2,60.0,67.0,50.0,139.0,18990000.0
thinkpro,57.0,1.13,Lenovo,14.0,8.0,LPDDR3,0.0,256.0,Intel,2.0,4.0,40.4,40.0,46.0,29.0,4.26,9990000.0
thinkpro,,1.6,Apple,14.2,32.0,,0.0,512.0,Apple,10.0,,0.0,0.0,0.0,0.0,,53990000.0
thinkpro,41.0,1.73,Dell,15.6,16.0,DDR4,1024.0,0.0,Intel,4.0,8.0,60.2,60.0,67.0,50.0,139.0,12990000.0
laptop88,36.0,1.0,Acer,15.6,8.0,DDR4,0.0,256.0,Intel,4.0,8.0,60.2,60.0,67.0,50.0,139.0,16990000.0
laptop88,90.0,2.0,Asus,16.0,32.0,DDR5,0.0,2048.0,Intel,,,,,,,139.0,121990000.0
thinkpro,100.0,2.1,Apple,16.2,16.0,,0.0,1024.0,Apple,10.0,,0.0,0.0,0.0,0.0,,55990000.0
laptop88,45.0,1.0,Lenovo,15.6,8.0,DDR4,0.0,512.0,Intel,10.0,12.0,63.6,64.0,72.0,59.0,139.0,15990000.0
thinkpro,80.0,2.45,Lenovo,16.0,16.0,DDR4,0.0,512.0,AMD,8.0,16.0,75.1,75.0,78.0,72.0,121.0,43690000.0
thinkpro,53.5,2.25,MSI,15.6,8.0,DDR4,0.0,512.0,Intel,8.0,12.0,82.4,82.0,87.0,77.0,53.7,23490000.0
laptop88,,,Dell,16.0,16.0,,0.0,512.0,Intel,12.0,16.0,72.4,72.0,78.0,70.0,139.0,18990000.0
thinkpro,40.0,1.72,Dell,14.0,8.0,DDR4,0.0,512.0,Intel,4.0,8.0,60.2,60.0,67.0,50.0,139.0,21590000.0
thinkpro,60.0,1.4,Dell,14.0,8.0,DDR4,0.0,256.0,Intel,4.0,8.0,59.6,60.0,66.0,47.0,9.64,11990000.0
laptop88,,1.0,Dell,14.0,8.0,DDR4,0.0,256.0,AMD,4.0,8.0,60.2,60.0,67.0,50.0,,14990000.0
thinkpro,71.0,1.9,Lenovo,15.6,16.0,DDR4,0.0,1024.0,AMD,8.0,16.0,75.1,75.0,78.0,72.0,88.6,36890000.0
laptop88,2.0,,LG,14.0,8.0,,0.0,256.0,Intel,,,,,,,139.0,23290000.0
thinkpro,56.0,2.2,Asus,15.6,8.0,,0.0,512.0,AMD,8.0,16.0,78.1,78.0,81.0,77.0,58.5,29490000.0
thinkpro,54.0,1.63,Dell,15.0,8.0,DDR4,0.0,256.0,Intel,4.0,8.0,73.0,73.0,80.0,62.0,21.5,21990000.0
thinkpro,54.0,1.44,Dell,14.0,8.0,DDR4,0.0,512.0,Intel,4.0,8.0,73.0,73.0,80.0,62.0,139.0,12990000.0
laptop88,,,LG,16.0,8.0,LPDDR5,0.0,256.0,Intel,6.0,6.0,93.2,93.0,95.0,77.0,139.0,37990000.0
thinkpro,57.0,1.47,Lenovo,14.0,16.0,LPDDR5,0.0,512.0,Intel,12.0,16.0,94.8,95.0,97.0,94.0,139.0,29990000.0
thinkpro,80.0,1.199,LG,16.0,16.0,DDR5,0.0,256.0,Intel,12.0,14.0,73.8,74.0,80.0,70.0,139.0,40990000.0
laptop88,63.0,1.0,Asus,14.0,8.0,LPDDR5,0.0,512.0,Intel,12.0,16.0,94.8,95.0,97.0,94.0,139.0,26590000.0
laptop88,,,LG,17.0,16.0,LPDDR5,0.0,512.0,AMD,12.0,20.0,114.0,114.0,114.0,126.0,139.0,48990000.0
laptop88,,,Dell,15.6,8.0,DDR5,0.0,256.0,AMD,12.0,16.0,94.8,95.0,97.0,94.0,58.5,23990000.0
thinkpro,50.0,1.47,Lenovo,14.0,32.0,DDR4,0.0,1024.0,Intel,4.0,8.0,56.4,56.0,62.0,44.0,9.64,19990000.0
laptop88,,2.0,MSI,15.6,16.0,DDR4,0.0,1024.0,Intel,14.0,20.0,98.1,98.0,100.0,104.0,,32690000.0
laptop88,3.0,1.0,Asus,15.6,16.0,DDR4,0.0,5122.0,AMD,,,,,,,53.7,29590000.0
thinkpro,99.0,2.2,GIGABYTE,15.6,16.0,DDR4,0.0,512.0,Intel,8.0,16.0,87.9,88.0,90.0,86.0,88.6,49990000.0
laptop88,41.0,1.0,Dell,15.6,4.0,DDR4,0.0,256.0,AMD,,,,,,,121.0,13790000.0
laptop88,51.0,2.0,MSI,17.3,8.0,DDR4,5121024.0,5121024.0,Intel,4.0,8.0,69.8,70.0,74.0,57.0,,16990000.0
laptop88,54.0,1.0,Dell,14.0,16.0,DDR4,0.0,512.0,Intel,6.0,12.0,0.0,0.0,0.0,0.0,10.3,14990000.0
laptop88,,,Dell,15.6,16.0,DDR4,0.0,1024.0,AMD,8.0,16.0,90.7,91.0,92.0,91.0,58.5,54990000.0
thinkpro,42.0,1.8,Asus,15.6,8.0,DDR4,0.0,512.0,AMD,8.0,16.0,72.3,72.0,74.0,69.0,121.0,18790000.0
laptop88,51.0,1.0,MSI,15.6,8.0,DDR4,0.0,512.0,Intel,6.0,12.0,77.5,78.0,80.0,68.0,88.6,21990000.0
thinkpro,48.96,2.2,GIGABYTE,15.6,16.0,,0.0,512.0,Intel,6.0,12.0,74.5,74.0,78.0,69.0,58.0,18390000.0
laptop88,32.0,1.0,Lenovo,11.6,4.0,DDR4,0.0,256.0,Intel,4.0,4.0,0.0,0.0,0.0,0.0,112.0,5490000.0
laptop88,,1.0,Dell,13.3,16.0,DDR4,0.0,512.0,Intel,4.0,8.0,73.0,73.0,80.0,62.0,139.0,15990000.0
laptop88,54.0,1.0,Dell,16.0,16.0,DDR4,0.0,512.0,AMD,12.0,16.0,72.4,72.0,78.0,70.0,,25990000.0
thinkpro,41.0,1.69,Dell,15.6,8.0,DDR4,0.0,512.0,Intel,4.0,8.0,60.2,60.0,67.0,50.0,88.6,16590000.0
thinkpro,43.0,1.61,HP,14.0,8.0,DDR4,0.0,512.0,Intel,4.0,8.0,63.2,63.0,71.0,52.0,139.0,21690000.0
laptop88,,,HP,14.0,8.0,DDR4,0.0,256.0,Intel,6.0,8.0,68.5,68.0,78.0,59.0,112.0,14290000.0
thinkpro,54.0,1.43,Dell,14.0,8.0,,0.0,256.0,AMD,4.0,8.0,66.3,66.0,69.0,57.0,121.0,15990000.0
thinkpro,80.0,2.4,Lenovo,15.6,8.0,DDR4,0.0,512.0,AMD,6.0,12.0,73.0,73.0,76.0,67.0,88.6,33990000.0
thinkpro,86.0,2.04,Dell,15.6,32.0,DDR4,0.0,512.0,Intel,8.0,16.0,87.9,88.0,90.0,86.0,35.0,33990000.0
laptop88,,,Dell,16.0,8.0,DDR4,0.0,256.0,Intel,12.0,16.0,72.4,72.0,78.0,70.0,112.0,19390000.0
thinkpro,56.0,1.26,Lenovo,13.3,16.0,,0.0,512.0,AMD,6.0,12.0,68.5,69.0,71.0,62.0,121.0,16990000.0
thinkpro,37.0,1.9,Asus,15.6,4.0,DDR4,0.0,512.0,AMD,6.0,12.0,69.5,69.0,71.0,63.0,121.0,13690000.0
thinkpro,45.0,1.74,HP,15.6,4.0,DDR4,0.0,256.0,AMD,6.0,12.0,68.5,69.0,71.0,62.0,121.0,18290000.0
thinkpro,53.0,1.27,Razer,13.0,16.0,,0.0,512.0,Intel,4.0,8.0,53.2,53.0,59.0,43.0,11.0,32990000.0
laptop88,,,LG,17.0,16.0,LPDDR5,0.0,512.0,Intel,12.0,16.0,73.8,74.0,80.0,70.0,139.0,43690000.0
thinkpro,57.0,1.51,Lenovo,14.0,16.0,,0.0,256.0,AMD,6.0,12.0,69.6,70.0,74.0,62.0,121.0,20990000.0
laptop88,,,Asus,17.3,32.0,DDR5,0.0,1024.0,AMD,,,,,,,121.0,55990000.0
laptop88,75.0,1.0,Lenovo,16.0,16.0,DDR5,0.0,512.0,Intel,,,,,,,58.5,27590000.0
thinkpro,64.0,2.0,HP,15.6,16.0,DDR4,0.0,512.0,Intel,4.0,8.0,71.8,72.0,75.0,58.0,17.4,9990000.0
laptop88,41.0,,HP,14.0,8.0,DDR4,0.0,256.0,AMD,6.0,8.0,68.5,68.0,78.0,59.0,112.0,14290000.0
thinkpro,41.0,1.75,HP,15.6,8.0,DDR4,0.0,256.0,Intel,4.0,8.0,60.2,60.0,67.0,50.0,139.0,12790000.0
thinkpro,80.0,1.35,LG,17.0,16.0,,0.0,1024.0,Intel,4.0,8.0,63.2,63.0,71.0,52.0,139.0,39490000.0
thinkpro,60.0,1.7,Acer,14.0,16.0,DDR4,0.0,512.0,Intel,4.0,8.0,75.3,75.0,83.0,64.0,118.0,21990000.0
thinkpro,59.0,2.3,Acer,15.6,8.0,DDR4,0.0,512.0,Intel,4.0,8.0,66.4,66.0,73.0,57.0,41.0,23990000.0
laptop88,60.0,,Lenovo,15.6,16.0,DDR4,0.0,512.0,AMD,12.0,16.0,94.8,95.0,97.0,94.0,58.5,23590000.0
laptop88,,,Dell,14.0,8.0,DDR4,0.0,512.0,Intel,10.0,12.0,63.6,64.0,72.0,59.0,139.0,17990000.0
laptop88,63.0,1.0,Asus,14.0,16.0,DDR4,0.0,512.0,Intel,,,,,,,58.5,24690000.0
laptop88,41.0,1.0,Dell,15.6,8.0,DDR4,0.0,256.0,Intel,6.0,8.0,68.5,68.0,78.0,59.0,112.0,13890000.0
thinkpro,54.0,,Dell,14.0,8.0,DDR4,0.0,512.0,Intel,4.0,8.0,66.4,66.0,73.0,57.0,139.0,22690000.0
laptop88,97.0,2.0,Dell,17.0,16.0,DDR4,0.0,1024.0,Intel,8.0,16.0,87.9,88.0,90.0,86.0,58.5,52990000.0
thinkpro,54.0,1.25,Dell,13.3,8.0,,0.0,256.0,Intel,16.0,12.0,72.4,72.0,78.0,70.0,139.0,23990000.0
thinkpro,58.0,1.4,Apple,13.3,8.0,,0.0,256.0,Apple,8.0,8.0,0.0,0.0,0.0,0.0,,33990000.0
thinkpro,51.0,1.1,Lenovo,14.0,16.0,LPDDR3,0.0,512.0,Intel,4.0,8.0,59.6,60.0,66.0,47.0,9.64,18290000.0
laptop88,41.0,1.0,Dell,15.6,8.0,DDR4,0.0,256.0,Intel,4.0,8.0,60.2,60.0,67.0,50.0,139.0,13990000.0
laptop88,54.0,1.0,Dell,14.0,8.0,DDR4,0.0,256.0,Intel,,,,,,,,14590000.0
thinkpro,90.0,4.1,Dell,15.0,16.0,DDR4,0.0,1000.0,Intel,8.0,16.0,96.5,97.0,97.0,96.0,76.2,84990000.0
thinkpro,82.0,1.69,MSI,15.0,32.0,DDR4,0.0,1000.0,Intel,4.0,8.0,60.9,61.0,69.0,51.0,139.0,44990000.0
thinkpro,56.5,1.38,Lenovo,14.0,16.0,DDR4,0.0,512.0,AMD,6.0,12.0,68.5,69.0,71.0,62.0,121.0,17990000.0
thinkpro,70.0,1.7,Asus,15.6,8.0,DDR4,0.0,512.0,AMD,6.0,12.0,73.0,73.0,76.0,67.0,121.0,17990000.0
laptop88,52.0,1.0,Dell,13.3,8.0,DDR4,0.0,256.0,Intel,4.0,8.0,60.2,60.0,67.0,50.0,139.0,23990000.0
laptop88,56.5,1.0,Lenovo,14.0,16.0,DDR4,0.0,512.0,AMD,,,,,,,139.0,22490000.0
laptop88,52.0,1.0,Dell,13.3,8.0,DDR4,0.0,256.0,AMD,4.0,8.0,0.0,0.0,0.0,0.0,139.0,23990000.0
thinkpro,61.0,1.38,Lenovo,14.0,16.0,LPDDR4x,0.0,1024.0,Intel,4.0,8.0,68.6,69.0,75.0,59.0,21.5,27990000.0
thinkpro,99.0,2.2,GIGABYTE,15.6,16.0,DDR4,0.0,1024.0,Intel,8.0,16.0,87.9,88.0,90.0,86.0,154.0,39990000.0
thinkpro,57.0,1.4,Lenovo,14.0,32.0,DDR4,0.0,512.0,Intel,4.0,8.0,59.6,60.0,66.0,47.0,9.64,26990000.0
thinkpro,48.0,2.3,Asus,15.6,8.0,DDR4,0.0,512.0,Intel,6.0,12.0,74.5,74.0,78.0,69.0,58.5,19990000.0
thinkpro,40.0,1.18,Dell,13.3,8.0,LPDDR4x,0.0,256.0,Intel,4.0,8.0,63.7,64.0,72.0,53.0,139.0,17390000.0
laptop88,,1.0,Dell,13.3,8.0,,0.0,512.0,Intel,4.0,8.0,66.4,66.0,73.0,57.0,,16490000.0
laptop88,,,Dell,15.6,8.0,DDR4,0.0,512.0,Intel,6.0,12.0,74.5,74.0,78.0,69.0,88.6,30590000.0
thinkpro,,2.29,HP,15.6,8.0,DDR4,0.0,512.0,Intel,8.0,12.0,82.4,82.0,87.0,77.0,42.9,17990000.0
laptop88,2.0,,LG,14.0,16.0,LPDDR5,0.0,256.0,AMD,6.0,6.0,93.2,93.0,95.0,77.0,139.0,24990000.0
thinkpro,45.0,1.66,Lenovo,15.0,8.0,DDR4,0.0,512.0,AMD,8.0,16.0,72.3,72.0,74.0,69.0,121.0,19990000.0
laptop88,,,Dell,15.6,16.0,DDR4,0.0,512.0,Intel,8.0,16.0,87.9,88.0,90.0,86.0,88.6,36490000.0
thinkpro,54.0,1.8,Dell,16.0,8.0,DDR4,0.0,256.0,Intel,10.0,12.0,63.6,64.0,72.0,59.0,139.0,22990000.0
thinkpro,76.0,2.0,Asus,15.6,8.0,DDR4,0.0,512.0,Intel,4.0,8.0,66.4,66.0,73.0,57.0,53.7,23790000.0
thinkpro,,,HP,13.3,16.0,DDR5,0.0,512.0,Intel,6.0,12.0,114.0,114.0,114.0,126.0,139.0,31990000.0
thinkpro,40.0,1.53,Dell,14.0,8.0,DDR4,0.0,256.0,Intel,4.0,8.0,53.4,53.0,59.0,42.0,9.64,17390000.0
thinkpro,51.0,1.09,Lenovo,14.0,16.0,LPDDR3,0.0,256.0,Intel,4.0,8.0,62.8,63.0,68.0,51.0,9.64,19990000.0
thinkpro,49.0,1.3,Apple,13.0,8.0,,0.0,256.0,Apple,8.0,8.0,0.0,0.0,0.0,0.0,,20690000.0
thinkpro,87.0,2.36,Dell,15.6,16.0,DDR4,0.0,512.0,Intel,8.0,16.0,87.9,88.0,90.0,86.0,121.0,36990000.0
thinkpro,80.0,1.7,Lenovo,15.0,16.0,DDR4,0.0,512.0,Intel,6.0,12.0,70.1,70.0,74.0,59.0,31.0,21990000.0
thinkpro,80.0,2.35,Lenovo,15.6,8.0,DDR5,0.0,512.0,AMD,8.0,15.0,78.1,78.0,81.0,77.0,58.5,33990000.0
laptop88,,,HP,15.6,8.0,DDR4,0.0,0.0,Intel,,,,,,,10.3,14490000.0
thinkpro,48.0,1.19,Acer,14.0,8.0,,0.0,512.0,AMD,8.0,16.0,72.3,72.0,74.0,69.0,121.0,17490000.0
laptop88,,,Samsung,13.3,8.0,DDR4,0.0,256.0,Intel,10.0,12.0,63.6,64.0,72.0,59.0,139.0,20990000.0
thinkpro,57.0,1.8,Dell,15.0,32.0,DDR4,0.0,256.0,Intel,6.0,12.0,70.7,71.0,74.0,60.0,76.2,32990000.0
laptop88,76.0,2.0,Asus,15.6,8.0,DDR5,0.0,512.0,AMD,,,,,,,88.6,29790000.0
laptop88,,,LG,17.0,16.0,LPDDR5,0.0,512.0,Intel,12.0,20.0,114.0,114.0,114.0,126.0,139.0,31990000.0
laptop88,60.0,2.0,Lenovo,15.6,16.0,DDR5,0.0,512.0,Intel,,,,,,,58.5,24290000.0
thinkpro,48.0,2.3,Asus,17.3,8.0,DDR4,0.0,512.0,Intel,6.0,12.0,74.5,74.0,78.0,69.0,58.0,21390000.0
laptop88,,,Samsung,15.6,8.0,,0.0,256.0,Intel,4.0,8.0,0.0,0.0,0.0,0.0,139.0,20990000.0
laptop88,80.0,2.0,Lenovo,15.6,16.0,DDR5,0.0,512.0,AMD,,,,,,,58.5,30990000.0
laptop88,37.0,,Asus,15.6,4.0,DDR4,0.0,512.0,AMD,2.0,4.0,49.6,50.0,61.0,38.0,,10390000.0
laptop88,56.0,2.0,Asus,15.6,8.0,DDR5,0.0,512.0,AMD,,,,,,,58.5,27990000.0
laptop88,41.0,1.0,Dell,15.6,8.0,DDR4,0.0,256.0,Intel,4.0,8.0,51.1,51.0,57.0,41.0,112.0,13590000.0
laptop88,62.0,1.0,Asus,13.4,16.0,LPDDR5,0.0,512.0,Intel,,,,,,,,38590000.0
laptop88,42.0,1.0,Asus,15.6,8.0,DDR4,0.0,512.0,Intel,12.0,16.0,72.4,72.0,78.0,70.0,88.6,16990000.0
thinkpro,54.0,1.95,Dell,16.0,,,0.0,512.0,Intel,12.0,16.0,73.8,74.0,80.0,70.0,139.0,31990000.0
laptop88,36.0,1.0,Acer,15.6,8.0,DDR4,0.0,256.0,AMD,4.0,8.0,0.0,0.0,0.0,0.0,139.0,16990000.0
thinkpro,75.0,1.4,Lenovo,14.0,16.0,LPDDR5,0.0,1024.0,Intel,14.0,20.0,80.7,81.0,87.0,81.0,139.0,51990000.0
thinkpro,50.0,1.53,Lenovo,14.0,16.0,DDR4,0.0,512.0,Intel,4.0,8.0,60.9,61.0,69.0,51.0,139.0,22990000.0
laptop88,,,MSI,14.0,8.0,DDR4,0.0,512.0,AMD,6.0,12.0,0.0,0.0,0.0,0.0,121.0,15290000.0
thinkpro,80.0,1.199,LG,16.0,16.0,DDR5,0.0,256.0,Intel,12.0,16.0,72.4,72.0,78.0,70.0,139.0,37890000.0
thinkpro,49.5,0.736,Dell,13.0,16.0,LPDDR4x,0.0,1024.0,Intel,10.0,12.0,54.2,54.0,64.0,49.0,139.0,47990000.0
thinkpro,56.0,1.26,Lenovo,13.3,8.0,LPDDR4x,0.0,512.0,Intel,4.0,8.0,63.2,63.0,71.0,52.0,139.0,16590000.0
thinkpro,56.0,2.2,Asus,15.6,8.0,DDR5,0.0,512.0,AMD,8.0,16.0,79.6,80.0,82.0,79.0,58.5,21990000.0
laptop88,,,Dell,15.6,32.0,DDR5,0.0,1024.0,Intel,,,,,,,,55990000.0
laptop88,56.0,2.0,Asus,15.6,8.0,DDR4,0.0,512.0,Intel,8.0,16.0,0.0,0.0,0.0,0.0,42.3,19090000.0
laptop88,45.0,1.0,Dell,15.6,8.0,DDR4,0.0,512.0,AMD,4.0,8.0,0.0,0.0,0.0,0.0,,15990000.0
thinkpro,59.0,1.39,Acer,14.0,16.0,,0.0,1024.0,AMD,6.0,12.0,68.5,69.0,71.0,62.0,,29990000.0
laptop88,,2.0,GIGABYTE,15.6,16.0,DDR4,0.0,1024.0,Intel,8.0,16.0,87.9,88.0,90.0,86.0,139.0,58990000.0
thinkpro,57.5,2.5,Acer,15.6,16.0,DDR4,0.0,512.0,Intel,12.0,16.0,94.8,95.0,97.0,94.0,58.5,21990000.0
laptop88,38.0,1.0,Other,15.6,8.0,DDR4,0.0,512.0,AMD,4.0,8.0,60.2,60.0,67.0,50.0,139.0,13990000.0
laptop88,57.5,2.0,Acer,15.6,8.0,DDR4,0.0,512.0,AMD,6.0,12.0,74.5,74.0,78.0,69.0,112.0,12990000.0
thinkpro,40.0,1.16,Dell,13.0,8.0,,0.0,512.0,Intel,4.0,8.0,63.2,63.0,71.0,52.0,139.0,26990000.0
laptop88,36.7,1.0,Acer,15.6,4.0,DDR4,0.0,256.0,AMD,2.0,4.0,49.6,50.0,61.0,38.0,112.0,9990000.0
thinkpro,99.0,2.0,GIGABYTE,15.6,16.0,DDR4,0.0,512.0,Intel,8.0,16.0,87.9,88.0,90.0,86.0,88.6,33990000.0
laptop88,,1.0,HP,15.6,4.0,DDR4,0.0,256.0,Intel,2.0,4.0,90.6,91.0,88.0,75.0,,9390000.0
thinkpro,64.0,1.68,Dell,14.0,16.0,DDR5,0.0,512.0,Intel,12.0,16.0,94.8,95.0,97.0,94.0,139.0,28990000.0
thinkpro,52.0,1.16,Dell,13.3,8.0,,0.0,256.0,Intel,4.0,8.0,63.2,63.0,71.0,52.0,139.0,22490000.0
laptop88,41.0,1.0,HP,15.6,8.0,DDR4,0.0,512.0,AMD,,,,,,,139.0,17490000.0
laptop88,,,HP,14.0,8.0,,0.0,256.0,AMD,4.0,8.0,0.0,0.0,0.0,0.0,139.0,13990000.0
thinkpro,,1.9,Lenovo,16.0,16.0,DDR4,0.0,512.0,AMD,8.0,16.0,75.1,75.0,78.0,72.0,42.9,23390000.0
thinkpro,61.0,1.1,Lenovo,14.0,16.0,,0.0,512.0,AMD,8.0,16.0,70.6,71.0,73.0,68.0,121.0,29990000.0
thinkpro,80.0,2.4,Lenovo,15.6,8.0,DDR5,0.0,512.0,AMD,6.0,12.0,76.8,77.0,81.0,72.0,58.5,31900000.0
thinkpro,75.0,1.9,Lenovo,16.0,16.0,DDR4,0.0,512.0,AMD,6.0,12.0,73.0,73.0,76.0,67.0,42.9,21590000.0
laptop88,,,LG,17.0,16.0,LPDDR5,0.0,256.0,Apple,6.0,6.0,93.2,93.0,95.0,77.0,139.0,39990000.0
laptop88,65.0,,MSI,17.3,16.0,DDR4,0.0,1024.0,AMD,8.0,16.0,0.0,0.0,0.0,0.0,,24990000.0
thinkpro,62.0,,Asus,13.4,16.0,,0.0,512.0,AMD,8.0,16.0,79.6,80.0,82.0,79.0,52.0,41990000.0
thinkpro,57.0,1.13,Lenovo,14.0,16.0,,0.0,512.0,Intel,4.0,8.0,63.2,63.0,71.0,52.0,139.0,27990000.0
thinkpro,71.0,2.1,HP,15.6,8.0,DDR4,0.0,512.0,AMD,8.0,16.0,78.2,78.0,81.0,76.0,121.0,49990000.0
laptop88,,,Asus,15.6,8.0,DDR5,0.0,512.0,Intel,14.0,20.0,98.1,98.0,100.0,104.0,58.5,26790000.0
laptop88,,2.0,Asus,15.6,8.0,DDR5,0.0,512.0,Intel,,,,,,,88.6,28490000.0
laptop88,75.0,1.0,Lenovo,16.0,16.0,DDR5,0.0,512.0,Intel,,,,,,,42.3,25990000.0
laptop88,50.0,2.0,Acer,15.6,8.0,DDR4,0.0,512.0,Intel,6.0,12.0,0.0,0.0,0.0,0.0,53.7,17990000.0
laptop88,,,MSI,15.6,16.0,DDR4,0.0,512.0,Intel,8.0,16.0,87.9,88.0,90.0,86.0,,27990000.0
laptop88,,1.0,HP,15.6,8.0,DDR4,0.0,256.0,Intel,10.0,12.0,63.6,64.0,72.0,59.0,30.1,18390000.0
laptop88,80.0,2.0,Lenovo,15.6,16.0,DDR5,0.0,512.0,Intel,14.0,20.0,98.1,98.0,100.0,104.0,88.6,37490000.0
laptop88,,,Dell,14.0,8.0,DDR4,0.0,512.0,Intel,10.0,12.0,65.2,65.0,75.0,59.0,139.0,24690000.0
thinkpro,80.0,2.01,Razer,15.6,32.0,DDR4,0.0,1024.0,Intel,8.0,16.0,90.7,91.0,92.0,91.0,112.0,114990000.0
laptop88,,,LG,16.0,16.0,LPDDR5,0.0,256.0,Intel,6.0,6.0,93.2,93.0,95.0,77.0,139.0,38490000.0
laptop88,56.0,2.0,Dell,15.6,8.0,DDR4,0.0,256.0,Intel,,,,,,,58.5,18990000.0
thinkpro,52.0,,MSI,15.6,8.0,DDR4,0.0,512.0,AMD,6.0,12.0,69.5,69.0,71.0,63.0,121.0,15490000.0
thinkpro,56.0,2.15,Dell,16.0,16.0,DDR4,0.0,1024.0,Intel,8.0,16.0,87.9,88.0,90.0,86.0,112.0,21990000.0
laptop88,42.0,,Lenovo,15.6,8.0,LPDDR5,0.0,512.0,Intel,,,,,,,,12690000.0
thinkpro,48.0,1.7,Acer,15.0,8.0,DDR4,0.0,512.0,Intel,4.0,8.0,60.2,60.0,67.0,50.0,139.0,18590000.0
thinkpro,99.0,2.2,GIGABYTE,15.6,16.0,DDR4,0.0,1024.0,Intel,8.0,16.0,87.9,88.0,90.0,86.0,128.0,59990000.0
thinkpro,35.0,,Lenovo,15.6,8.0,DDR4,0.0,256.0,Intel,2.0,4.0,46.9,47.0,55.0,34.0,112.0,12490000.0
thinkpro,90.0,2.4,Asus,16.0,16.0,DDR5,0.0,1024.0,Intel,14.0,20.0,100.0,100.0,103.0,106.0,88.6,69990000.0
thinkpro,41.0,1.69,HP,15.6,8.0,DDR4,0.0,256.0,Intel,4.0,8.0,60.2,60.0,67.0,50.0,139.0,18990000.0
laptop88,,1.0,Dell,14.0,8.0,DDR4,0.0,256.0,Intel,4.0,8.0,0.0,0.0,0.0,0.0,,15990000.0
laptop88,54.0,1.0,Dell,16.0,8.0,DDR4,0.0,256.0,AMD,10.0,12.0,63.6,64.0,72.0,59.0,139.0,20590000.0
laptop88,4.0,1.0,Dell,14.0,16.0,DDR4,0.0,512.0,Intel,10.0,12.0,63.6,64.0,72.0,59.0,,24390000.0
laptop88,43.0,1.0,HP,14.0,8.0,DDR4,0.0,512.0,Intel,10.0,12.0,63.6,64.0,72.0,59.0,139.0,19490000.0
thinkpro,54.0,1.43,Dell,14.0,8.0,DDR4,0.0,256.0,AMD,6.0,12.0,69.5,69.0,71.0,63.0,121.0,15790000.0
laptop88,,2.0,Acer,15.6,16.0,DDR4,0.0,512.0,AMD,12.0,16.0,94.8,95.0,97.0,94.0,58.5,20490000.0
thinkpro,56.5,1.38,Lenovo,14.0,16.0,DDR4,0.0,512.0,AMD,6.0,12.0,68.5,69.0,71.0,62.0,121.0,21990000.0
laptop88,,,HP,14.0,8.0,DDR4,0.0,512.0,Intel,10.0,12.0,63.6,64.0,72.0,59.0,139.0,15690000.0
laptop88,,1.0,Dell,14.0,8.0,DDR4,0.0,256.0,AMD,4.0,8.0,0.0,0.0,0.0,0.0,,14990000.0
thinkpro,67.0,0.99,Asus,13.0,16.0,,0.0,1024.0,AMD,8.0,16.0,73.6,74.0,78.0,70.0,40.0,39990000.0
thinkpro,100.0,2.9,MSI,17.3,32.0,DDR4,0.0,2048.0,Intel,8.0,16.0,93.0,93.0,95.0,94.0,112.0,109990000.0
laptop88,,2.0,MSI,16.0,16.0,DDR4,0.0,256.0,Intel,14.0,20.0,98.1,98.0,100.0,104.0,58.5,33990000.0
thinkpro,63.0,,Asus,15.6,8.0,DDR4,0.0,512.0,AMD,6.0,12.0,73.0,73.0,76.0,67.0,52.0,20990000.0
thinkpro,56.0,1.25,Lenovo,13.3,16.0,LPDDR5,0.0,1024.0,Intel,10.0,12.0,54.2,54.0,64.0,49.0,139.0,31990000.0
thinkpro,99.0,2.2,GIGABYTE,15.6,16.0,DDR4,0.0,512.0,Intel,8.0,16.0,87.9,88.0,90.0,86.0,128.0,31990000.0
laptop88,,1.0,Dell,16.0,16.0,DDR4,0.0,512.0,Intel,12.0,16.0,72.4,72.0,78.0,70.0,112.0,22990000.0
thinkpro,42.0,0.8,Lenovo,13.0,8.0,DDR4,0.0,512.0,Intel,4.0,8.0,53.4,53.0,59.0,42.0,9.64,21190000.0
thinkpro,37.0,1.8,Asus,15.6,8.0,,0.0,256.0,Intel,2.0,4.0,90.6,91.0,88.0,75.0,112.0,8990000.0
laptop88,36.0,1.0,Acer,15.6,8.0,DDR4,0.0,512.0,AMD,4.0,8.0,51.1,51.0,57.0,41.0,52.0,13490000.0
laptop88,,,HP,13.3,8.0,,0.0,256.0,Intel,4.0,8.0,0.0,0.0,0.0,0.0,139.0,15990000.0
laptop88,,,Dell,17.0,32.0,DDR4,0.0,512.0,Intel,8.0,16.0,89.2,89.0,92.0,88.0,87.0,64990000.0
thinkpro,99.9,2.35,MSI,15.6,32.0,DDR5,0.0,1024.0,Intel,16.0,24.0,103.0,103.0,106.0,116.0,121.0,79990000.0
laptop88,,,Asus,16.0,8.0,DDR4,0.0,512.0,Intel,,,,,,,121.0,15890000.0
laptop88,70.0,1.0,Asus,15.6,8.0,DDR4,0.0,512.0,Intel,,,,,,,121.0,17690000.0
thinkpro,37.0,1.28,AVITA,14.0,8.0,DDR4,0.0,512.0,AMD,4.0,8.0,49.4,49.0,53.0,41.0,10.3,15990000.0
laptop88,56.5,,Lenovo,14.0,16.0,DDR4,0.0,512.0,Intel,,,,,,,121.0,15990000.0
laptop88,80.0,2.0,Lenovo,15.6,8.0,DDR5,0.0,512.0,Intel,12.0,16.0,94.8,95.0,97.0,94.0,58.5,26990000.0
thinkpro,76.0,1.6,Asus,14.0,8.0,DDR4,0.0,512.0,AMD,8.0,16.0,73.6,74.0,75.0,73.0,53.7,32990000.0
thinkpro,60.0,,Dell,14.0,16.0,LPDDR5,0.0,256.0,Intel,10.0,12.0,73.1,73.0,83.0,66.0,139.0,49990000.0
thinkpro,54.0,1.18,Samsung,13.3,8.0,,0.0,256.0,Intel,4.0,8.0,60.2,60.0,67.0,50.0,139.0,12990000.0
thinkpro,37.0,,Asus,14.0,8.0,DDR4,0.0,256.0,AMD,2.0,4.0,38.2,38.0,44.0,28.0,121.0,11990000.0
thinkpro,40.0,1.16,Dell,13.0,8.0,,0.0,512.0,Intel,4.0,8.0,60.2,60.0,67.0,50.0,139.0,20390000.0
thinkpro,51.0,1.1,Lenovo,14.0,16.0,LPDDR3,0.0,256.0,Intel,4.0,8.0,59.6,60.0,66.0,47.0,9.64,17690000.0
thinkpro,36.0,,Acer,15.6,4.0,DDR4,1.0,512.0,Intel,2.0,4.0,51.1,51.0,57.0,41.0,15.0,11990000.0
laptop88,60.0,2.0,Lenovo,15.6,8.0,DDR5,0.0,512.0,Intel,,,,,,,58.5,23790000.0
thinkpro,87.0,2.19,Dell,16.0,8.0,DDR4,0.0,512.0,Intel,10.0,12.0,63.6,64.0,72.0,59.0,139.0,21990000.0
thinkpro,,,HP,16.1,32.0,DDR5,0.0,2048.0,Intel,14.0,20.0,100.0,100.0,103.0,106.0,121.0,45000000.0
thinkpro,57.0,1.8,Dell,15.0,64.0,DDR4,0.0,2048.0,Intel,6.0,12.0,81.7,82.0,85.0,72.0,44.4,29990000.0
thinkpro,56.0,2.8,Dell,15.6,8.0,,0.0,256.0,AMD,6.0,12.0,73.0,73.0,76.0,67.0,58.0,23490000.0
thinkpro,57.0,2.3,Acer,15.6,8.0,DDR4,1.0,512.0,Intel,8.0,16.0,87.9,88.0,90.0,86.0,58.0,33990000.0
laptop88,,,Asus,14.0,8.0,DDR4,0.0,256.0,Intel,12.0,16.0,94.8,95.0,97.0,94.0,139.0,18490000.0
thinkpro,80.0,1.7,Lenovo,15.0,16.0,DDR4,0.0,512.0,Intel,6.0,12.0,73.3,73.0,76.0,62.0,42.9,31990000.0
laptop88,41.0,1.0,HP,15.6,8.0,DDR4,0.0,256.0,Intel,,,,,,,139.0,16490000.0
thinkpro,83.0,2.37,HP,16.1,16.0,DDR4,0.0,512.0,Intel,8.0,16.0,87.9,88.0,90.0,86.0,112.0,48990000.0
thinkpro,41.0,1.69,HP,15.6,8.0,DDR4,0.0,512.0,Intel,10.0,12.0,63.6,64.0,72.0,59.0,139.0,17890000.0
thinkpro,40.0,1.4,Dell,14.0,16.0,DDR4,0.0,512.0,AMD,6.0,6.0,71.4,71.0,73.0,59.0,121.0,13990000.0
thinkpro,90.0,2.7,Asus,17.3,16.0,DDR4,0.0,512.0,AMD,8.0,16.0,75.1,75.0,78.0,72.0,121.0,41990000.0
laptop88,,1.0,HP,15.6,4.0,DDR4,0.0,256.0,Intel,2.0,4.0,90.6,91.0,88.0,75.0,112.0,9990000.0
thinkpro,45.0,2.0,HP,15.0,8.0,DDR4,0.0,512.0,AMD,6.0,6.0,71.4,71.0,73.0,59.0,121.0,17490000.0
laptop88,90.0,2.0,MSI,16.0,16.0,DDR4,0.0,1024.0,AMD,14.0,20.0,98.1,98.0,100.0,104.0,88.6,56990000.0
thinkpro,99.0,2.3,GIGABYTE,16.0,16.0,DDR5,0.0,2048.0,Intel,14.0,20.0,98.1,98.0,100.0,104.0,121.0,59990000.0
thinkpro,56.0,1.38,Huawei,14.0,8.0,DDR4,0.0,256.0,Intel,,,49.6,50.0,61.0,38.0,112.0,13990000.0
thinkpro,42.0,1.96,Dell,15.6,8.0,DDR4,0.0,256.0,Intel,2.0,4.0,49.6,50.0,61.0,38.0,5.0,9990000.0
thinkpro,45.0,2.25,Lenovo,15.6,8.0,DDR4,0.0,256.0,AMD,6.0,12.0,73.0,73.0,76.0,67.0,58.5,18490000.0
thinkpro,36.7,1.35,AVITA,14.0,8.0,,0.0,256.0,Intel,4.0,8.0,74.2,74.0,79.0,60.0,1.58,12990000.0
thinkpro,82.0,,MSI,16.0,16.0,,0.0,1024.0,Intel,4.0,8.0,67.3,67.0,77.0,56.0,52.0,46990000.0
thinkpro,51.0,1.3,Dell,13.0,16.0,,0.0,512.0,Intel,4.0,8.0,53.2,53.0,59.0,43.0,11.0,29990000.0
thinkpro,70.0,1.7,Asus,15.6,8.0,DDR4,0.0,512.0,Intel,12.0,16.0,94.8,95.0,97.0,94.0,139.0,19990000.0
laptop88,75.0,1.0,Lenovo,16.0,16.0,LPDDR5,0.0,512.0,Apple,,,,,,,42.3,26490000.0
thinkpro,,1.75,Dell,15.6,8.0,DDR4,0.0,256.0,Intel,4.0,8.0,73.0,73.0,80.0,62.0,139.0,20990000.0
thinkpro,43.0,1.48,HP,14.0,8.0,DDR4,0.0,256.0,Intel,6.0,8.0,68.5,68.0,78.0,59.0,139.0,13490000.0
thinkpro,45.0,1.28,Lenovo,14.0,16.0,LPDDR4x,0.0,256.0,Intel,4.0,8.0,60.2,60.0,67.0,50.0,16.2,27990000.0
laptop88,56.0,2.0,Asus,15.6,8.0,DDR5,0.0,512.0,Intel,,,,,,,58.5,21490000.0
laptop88,71.0,,Lenovo,15.6,12.0,DDR4,0.0,512.0,Intel,4.0,8.0,63.2,63.0,71.0,52.0,139.0,21990000.0
laptop88,,,Dell,14.0,16.0,DDR4,0.0,256.0,AMD,4.0,8.0,60.9,61.0,69.0,51.0,139.0,28990000.0
thinkpro,36.0,0.99,GIGABYTE,14.0,16.0,DDR4,0.0,512.0,Intel,4.0,8.0,67.3,67.0,77.0,56.0,139.0,23890000.0
laptop88,,,GIGABYTE,15.6,16.0,DDR4,0.0,512.0,AMD,12.0,16.0,94.8,95.0,97.0,94.0,53.7,22990000.0
thinkpro,49.0,2.2,GIGABYTE,15.6,16.0,DDR4,0.0,512.0,Intel,6.0,12.0,0.0,0.0,0.0,0.0,128.0,21990000.0
laptop88,,,Dell,14.0,16.0,DDR4,0.0,512.0,AMD,4.0,8.0,73.0,73.0,80.0,62.0,,16990000.0
thinkpro,58.2,1.4,Apple,13.3,8.0,,0.0,512.0,Apple,8.0,,0.0,0.0,0.0,0.0,,39990000.0
thinkpro,49.6,0.97,Lenovo,13.0,16.0,DDR5,0.0,1024.0,Intel,12.0,16.0,73.8,74.0,80.0,70.0,139.0,39990000.0
laptop88,,,Other,14.0,16.0,DDR4,0.0,512.0,Intel,4.0,8.0,67.3,67.0,77.0,56.0,139.0,25990000.0
thinkpro,54.7,1.34,Lenovo,13.3,16.0,,0.0,512.0,AMD,8.0,16.0,72.8,73.0,77.0,67.0,121.0,22990000.0
thinkpro,51.0,1.86,MSI,15.6,8.0,,0.0,512.0,Intel,6.0,12.0,74.5,74.0,78.0,69.0,36.2,20490000.0
thinkpro,44.0,,Lenovo,14.0,8.0,DDR4,0.0,512.0,AMD,8.0,16.0,72.3,72.0,74.0,69.0,121.0,18690000.0
thinkpro,90.0,3.0,Asus,17.3,32.0,DDR5,0.0,2048.0,Intel,16.0,24.0,103.0,103.0,106.0,116.0,139.0,110990000.0
laptop88,,,Dell,15.6,16.0,DDR4,0.0,512.0,Intel,4.0,8.0,0.0,0.0,0.0,0.0,,15290000.0
thinkpro,49.0,2.2,Colorful,15.6,16.0,,0.0,512.0,Intel,8.0,16.0,87.9,88.0,90.0,86.0,88.6,32900000.0
laptop88,,,HP,15.6,8.0,DDR4,0.0,512.0,Intel,14.0,20.0,98.1,98.0,100.0,104.0,58.5,28690000.0
thinkpro,96.0,2.0,Asus,16.0,16.0,DDR5,0.0,1024.0,Intel,14.0,20.0,98.1,98.0,100.0,104.0,139.0,42990000.0
laptop88,43.0,1.0,HP,14.0,8.0,DDR4,0.0,512.0,Intel,10.0,12.0,63.6,64.0,72.0,59.0,139.0,17290000.0
thinkpro,51.0,1.77,HP,15.6,8.0,DDR4,0.0,256.0,AMD,6.0,12.0,70.3,70.0,73.0,64.0,121.0,15990000.0
laptop88,75.0,,Lenovo,16.0,8.0,DDR4,0.0,512.0,Intel,,,,,,,10.3,15690000.0
thinkpro,60.0,2.4,Lenovo,15.6,8.0,DDR4,0.0,512.0,Intel,4.0,8.0,74.5,74.0,78.0,69.0,58.5,31990000.0
thinkpro,58.0,1.743,Other,14.4,16.0,,0.0,512.0,Intel,4.0,8.0,66.4,66.0,73.0,57.0,139.0,3790000.0
laptop88,,2.0,GIGABYTE,15.6,16.0,DDR4,0.0,1024.0,AMD,14.0,20.0,98.1,98.0,100.0,104.0,121.0,48990000.0
laptop88,45.0,,Lenovo,15.6,8.0,DDR4,0.0,256.0,Intel,,,,,,,58.5,16790000.0
thinkpro,41.0,1.9,Dell,15.6,8.0,DDR4,0.0,256.0,Intel,,,68.5,68.0,78.0,59.0,112.0,15190000.0
thinkpro,45.0,2.0,HP,15.0,8.0,DDR4,0.0,512.0,AMD,8.0,8.0,75.2,75.0,76.0,67.0,121.0,20790000.0
thinkpro,,,Asus,15.6,4.0,DDR4,0.0,512.0,AMD,2.0,4.0,38.2,38.0,44.0,28.0,121.0,12490000.0
laptop88,80.0,2.0,Lenovo,16.0,16.0,DDR5,0.0,512.0,Intel,14.0,20.0,98.1,98.0,100.0,104.0,88.6,40990000.0
thinkpro,80.0,2.5,Lenovo,16.0,16.0,DDR4,0.0,1024.0,AMD,8.0,16.0,75.1,75.0,78.0,72.0,121.0,51990000.0
thinkpro,58.2,1.4,Apple,13.3,8.0,,0.0,256.0,Apple,8.0,,0.0,0.0,0.0,0.0,,34990000.0
thinkpro,58.2,1.4,Apple,13.3,8.0,,0.0,512.0,Apple,8.0,,0.0,0.0,0.0,0.0,,39990000.0
thinkpro,61.0,1.1,Lenovo,14.0,16.0,LPDDR4x,0.0,1024.0,AMD,8.0,16.0,70.6,71.0,73.0,68.0,21.5,29790000.0
thinkpro,54.0,1.44,Dell,14.0,8.0,DDR4,0.0,256.0,AMD,6.0,12.0,69.5,69.0,71.0,63.0,121.0,15790000.0
thinkpro,86.0,1.83,Dell,15.0,16.0,DDR4,0.0,256.0,Intel,6.0,12.0,76.8,77.0,80.0,67.0,42.0,27990000.0
laptop88,,2.0,Acer,15.6,8.0,DDR4,0.0,256.0,Intel,6.0,12.0,74.5,74.0,78.0,69.0,42.3,15590000.0
thinkpro,76.0,2.0,Asus,15.6,8.0,DDR5,0.0,512.0,Intel,8.0,12.0,82.4,82.0,87.0,77.0,58.5,27990000.0
laptop88,80.0,2.0,Lenovo,16.0,16.0,DDR5,0.0,512.0,AMD,14.0,20.0,98.1,98.0,100.0,104.0,121.0,48990000.0
thinkpro,51.0,1.3,HP,13.0,8.0,DDR4,0.0,256.0,Intel,4.0,8.0,60.2,60.0,67.0,50.0,10.0,21990000.0
thinkpro,42.0,1.5,Asus,14.0,4.0,,0.0,512.0,Intel,2.0,4.0,0.0,0.0,0.0,0.0,112.0,9990000.0
thinkpro,51.0,1.09,Lenovo,14.0,16.0,LPDDR3,0.0,512.0,Intel,4.0,8.0,53.4,53.0,59.0,42.0,9.64,24990000.0
laptop88,41.0,1.0,HP,15.6,8.0,DDR4,0.0,256.0,AMD,6.0,8.0,68.5,68.0,78.0,59.0,112.0,13690000.0
thinkpro,70.0,2.3,HP,16.1,16.0,DDR4,0.0,512.0,AMD,8.0,16.0,75.1,75.0,78.0,72.0,58.0,31990000.0
thinkpro,49.9,1.29,Apple,13.3,8.0,,0.0,256.0,Apple,8.0,8.0,0.0,0.0,0.0,0.0,,22990000.0
thinkpro,60.0,1.36,Lenovo,14.0,8.0,DDR4,0.0,512.0,Intel,4.0,8.0,60.2,60.0,67.0,50.0,139.0,18890000.0
laptop88,,1.0,Acer,15.6,4.0,DDR4,0.0,256.0,Intel,4.0,8.0,51.1,51.0,57.0,41.0,112.0,10590000.0
laptop88,,,Asus,15.6,8.0,DDR5,0.0,512.0,AMD,14.0,20.0,98.1,98.0,100.0,104.0,58.5,26990000.0
laptop88,45.0,1.0,Lenovo,15.6,8.0,DDR4,0.0,512.0,Intel,6.0,8.0,68.5,68.0,78.0,59.0,112.0,13290000.0
thinkpro,86.0,2.81,Dell,15.6,16.0,DDR4,0.0,1024.0,Intel,8.0,16.0,87.9,88.0,90.0,86.0,128.0,43990000.0
laptop88,90.0,1.0,Asus,15.6,16.0,DDR5,0.0,256.0,Intel,,,,,,,88.6,42690000.0
thinkpro,56.0,1.18,Asus,13.4,16.0,,0.0,512.0,Intel,14.0,20.0,98.1,98.0,100.0,104.0,53.7,49990000.0
thinkpro,56.0,1.49,Huawei,14.0,16.0,,0.0,512.0,AMD,6.0,12.0,69.5,69.0,71.0,63.0,121.0,21990000.0
laptop88,,,Dell,15.6,8.0,DDR4,0.0,256.0,Intel,10.0,12.0,63.6,64.0,72.0,59.0,139.0,16590000.0
laptop88,48.96,2.0,GIGABYTE,15.6,8.0,DDR4,0.0,512.0,Intel,6.0,12.0,74.5,74.0,78.0,69.0,58.5,17690000.0
laptop88,,,Asus,14.0,8.0,DDR4,0.0,256.0,AMD,12.0,16.0,72.4,72.0,78.0,70.0,139.0,16490000.0
thinkpro,70.0,1.6,Asus,14.0,8.0,DDR4,0.0,256.0,Intel,12.0,16.0,94.8,95.0,97.0,94.0,139.0,19990000.0
laptop88,90.0,1.0,Asus,15.6,32.0,DDR5,0.0,1024.0,Intel,,,,,,,128.0,66990000.0
laptop88,,,Asus,15.6,8.0,DDR5,0.0,512.0,Intel,,,,,,,121.0,37990000.0
thinkpro,80.0,1.199,LG,16.0,16.0,DDR5,0.0,512.0,Intel,12.0,16.0,72.4,72.0,78.0,70.0,139.0,42990000.0
laptop88,,1.0,Asus,15.6,8.0,DDR4,0.0,512.0,Intel,,,,,,,8.98,14990000.0
thinkpro,65.0,2.9,MSI,17.3,16.0,DDR4,0.0,1024.0,Intel,8.0,16.0,87.9,88.0,90.0,86.0,112.0,52990000.0
thinkpro,37.0,1.28,AVITA,14.0,8.0,DDR4,0.0,1024.0,Intel,4.0,8.0,56.4,56.0,62.0,44.0,9.64,13990000.0
thinkpro,80.0,2.45,Lenovo,16.0,32.0,DDR4,0.0,2048.0,AMD,8.0,16.0,75.1,75.0,78.0,72.0,121.0,41990000.0
thinkpro,99.0,3.3,MSI,17.3,64.0,DDR5,0.0,2048.0,Intel,16.0,24.0,103.0,103.0,106.0,116.0,139.0,139990000.0
laptop88,41.0,1.0,Dell,15.6,8.0,DDR4,0.0,512.0,Intel,10.0,12.0,63.6,64.0,72.0,59.0,112.0,17490000.0
thinkpro,52.0,1.35,Dell,14.5,8.0,,0.0,512.0,Intel,4.0,8.0,63.2,63.0,71.0,52.0,139.0,21990000.0
thinkpro,42.0,1.4,Asus,14.0,4.0,DDR4,0.0,128.0,Intel,2.0,4.0,90.6,91.0,88.0,75.0,112.0,10990000.0
thinkpro,75.0,1.39,Asus,14.0,8.0,LPDDR5,0.0,512.0,Intel,12.0,16.0,72.4,72.0,78.0,70.0,139.0,24990000.0
thinkpro,70.0,,Asus,14.0,16.0,,0.0,1024.0,Intel,4.0,8.0,63.2,63.0,71.0,52.0,139.0,39990000.0
thinkpro,45.0,1.39,Lenovo,14.0,8.0,DDR4,0.0,512.0,AMD,8.0,16.0,72.3,72.0,74.0,69.0,121.0,18690000.0
thinkpro,56.0,1.19,Acer,15.0,16.0,,0.0,512.0,Intel,4.0,8.0,60.2,60.0,67.0,50.0,139.0,22990000.0
thinkpro,54.0,1.65,Dell,14.0,8.0,DDR4,0.0,256.0,AMD,6.0,12.0,69.5,69.0,71.0,63.0,121.0,19990000.0
thinkpro,75.0,1.9,Lenovo,16.0,16.0,LPDDR5,0.0,512.0,AMD,8.0,16.0,78.1,78.0,81.0,77.0,58.5,31990000.0
laptop88,70.0,1.0,Asus,15.6,16.0,DDR4,0.0,512.0,AMD,,,,,,,58.5,25390000.0
thinkpro,80.0,2.4,Lenovo,15.6,8.0,DDR4,1.0,512.0,AMD,6.0,12.0,73.0,73.0,76.0,67.0,72.6,33990000.0
thinkpro,49.6,0.97,Lenovo,13.0,16.0,DDR5,0.0,512.0,Intel,14.0,20.0,73.8,74.0,80.0,70.0,139.0,46990000.0
thinkpro,60.0,1.36,Lenovo,14.0,8.0,DDR4,0.0,512.0,Intel,4.0,8.0,63.2,63.0,71.0,52.0,139.0,27990000.0
laptop88,56.5,1.0,Lenovo,14.0,16.0,LPDDR5,0.0,512.0,Intel,,,,,,,10.0,20490000.0
thinkpro,56.0,1.26,Lenovo,13.3,8.0,LPDDR4x,0.0,512.0,Intel,4.0,8.0,60.2,60.0,67.0,50.0,139.0,24650000.0
laptop88,48.0,1.0,Asus,14.0,4.0,DDR4,0.0,256.0,Intel,2.0,4.0,46.9,47.0,55.0,34.0,,10490000.0
thinkpro,39.3,1.7,MSI,15.6,8.0,DDR4,0.0,512.0,AMD,6.0,12.0,0.0,0.0,0.0,0.0,121.0,17490000.0
laptop88,75.0,1.0,Asus,14.0,16.0,DDR4,0.0,512.0,Intel,,,,,,,139.0,23990000.0
thinkpro,48.0,1.8,Xiaomi,15.0,8.0,DDR4,0.0,512.0,Intel,2.0,4.0,66.4,66.0,73.0,57.0,16.2,15990000.0
thinkpro,51.0,1.3,HP,13.0,8.0,DDR4,0.0,512.0,Intel,4.0,8.0,63.2,63.0,71.0,52.0,10.0,29990000.0
thinkpro,39.0,1.3,MSI,14.0,8.0,DDR4,0.0,512.0,AMD,6.0,12.0,69.5,69.0,71.0,63.0,121.0,15490000.0
thinkpro,58.0,1.4,Apple,13.0,16.0,,0.0,256.0,Apple,8.0,8.0,0.0,0.0,0.0,0.0,,39990000.0
thinkpro,90.0,2.2,Asus,15.6,8.0,DDR5-4800 SO-DIMM,0.0,512.0,Intel,14.0,20.0,98.1,98.0,100.0,104.0,58.5,27390000.0
thinkpro,45.0,2.2,Lenovo,15.0,8.0,DDR4,0.0,512.0,Intel,4.0,8.0,69.8,70.0,74.0,57.0,76.2,20990000.0
thinkpro,94.0,2.87,Lenovo,15.6,32.0,DDR4,0.0,512.0,Intel,8.0,16.0,89.2,89.0,92.0,88.0,50.4,39990000.0
thinkpro,42.0,1.5,Asus,14.0,8.0,DDR4,0.0,256.0,Intel,12.0,16.0,72.4,72.0,78.0,70.0,88.6,17290000.0
laptop88,,,Asus,15.6,32.0,DDR5,0.0,1024.0,AMD,14.0,20.0,100.0,100.0,103.0,106.0,139.0,71990000.0
thinkpro,39.0,1.3,MSI,14.0,8.0,,0.0,256.0,Intel,2.0,4.0,49.6,50.0,61.0,38.0,112.0,10590000.0
laptop88,,,Other,15.6,8.0,DDR4,0.0,512.0,AMD,12.0,16.0,94.8,95.0,97.0,94.0,58.5,23990000.0
thinkpro,45.0,1.29,Microsoft,15.0,8.0,LPDDR3,0.0,128.0,AMD,4.0,8.0,0.0,0.0,0.0,0.0,82.2,14390000.0
thinkpro,60.0,1.36,Dell,14.0,16.0,LPDDR3,0.0,256.0,Intel,4.0,8.0,59.6,60.0,66.0,47.0,9.64,15990000.0
thinkpro,60.0,1.71,Huawei,16.0,16.0,,0.0,512.0,Intel,8.0,12.0,82.4,82.0,87.0,77.0,112.0,22990000.0
laptop88,,,Lenovo,15.6,16.0,DDR4,0.0,256.0,Intel,,,,,,,70.0,66990000.0
thinkpro,90.0,1.285,LG,16.0,16.0,DDR5,0.0,512.0,Intel,12.0,16.0,72.4,72.0,78.0,70.0,139.0,35990000.0
thinkpro,42.0,1.1,Lenovo,13.0,16.0,LPDDR3L,0.0,256.0,Intel,4.0,8.0,40.3,40.0,41.0,27.0,9.64,15990000.0
